-- Insert tuples into STADIUM table
INSERT INTO STADIUM VALUES ('Mediterraneos','Juegos Deportiva',21350,11234),
						   ('Bilbao','San Mames',53289,12344),
						   ('Barcelona','Camp Nou',78906,14245),
						   ('Estadi Olimpic','Estadi Cornella El',40000,15322),
						   ('Getafe','Coliseum Alfonso',45000,15678),
						   ('Malaga','La Rosaleda',30004,17890),
						   ('Balearic Islands','Son Bibiloni',21909,13432),
						   ('Los Pajaritos','The Colloseum',30000,12233),
						   ('Navarra','Juegos Deportivo',21350,13344),
						   ('Madrid','Santiago Bernabeau',60000,19875),
						   ('Ram n S nchez','The Oval',25350,18765),
						   ('Mestalla','The Gardens',26350,15324),
						   ('Emirates','The Gunners',51350,14421),
						   ('Aston','Villa Park',21310,13356),
						   ('Chelsea','Stamford Bridge',31350,16789),
						   ('Goodison Park','The Hub',29350,19865),
						   ('Craven Cottage','The MLF',21350,10090),
						   ('Anfield','The Anfielders',21950,17245),
						   ('Fratton Park','Theatre of Dreams',25000,12457),
						   ('White Hart','Stadium of Light',49000,11223);

-- Insert tuples into CONTRACT table
INSERT INTO CONTRACT VALUES (1,'FIFAWALE','2011-12-23','2018-12-23',43464301),
                            (2,'FIFAWALE','2013-01-25','2019-01-25',50076701),
                            (3,'FIFAWALE','2014-07-17','2015-07-17',70065101),
                            (4,'FIFAWALE','2012-08-02','2018-08-02',80086201),
                            (5,'FIFAWALE','2015-11-30','2017-11-30',90071201),
                            (6,'FIFAWALE','2013-12-05','2015-12-05',80068301),
                            (7,'FIFAWALE','2012-01-15','2016-01-15',40002301),
                            (8,'FIFAWALE','2014-02-19','2018-02-19',30003201),
                            (9,'FIFAWALE','2015-09-20','2019-09-20',50050301),
                            (10,'FIFAWALE','2014-05-22','2017-05-22',70560001),
                            (101,'Almeria','2015-08-14','2018-08-14',20546001),
                            (102,'Almeria','2015-08-14','2018-08-14',20560001),
                            (103,'Almeria','2015-08-14','2018-08-14',26410001),
                            (104,'Athletic Bilbao','2014-07-17','2015-07-17',70065101),
                            (105,'Athletic Bilbao','2014-07-17','2015-07-17',70485101),
                            (106,'Athletic Bilbao','2014-07-17','2015-07-17',78465101),
                            (107,'Barcelona','2013-12-05','2015-12-05',80068301),
                            (108,'Barcelona','2013-12-05','2015-12-05',88768301),
                            (109,'Barcelona','2013-12-05','2015-12-05',80688301),
                            (110,'Espanyol','2015-09-20','2019-09-20',50860301),
                            (111,'Espanyol','2015-09-20','2019-09-20',50650301),
                            (112,'Espanyol','2015-09-20','2019-09-20',50440301),
                            (113,'Getafe','2015-01-10','2018-01-10',54656001),
                            (114,'Getafe','2015-01-10','2018-01-10',65756001),
                            (115,'Getafe','2015-01-10','2018-01-10',87567001),
                            (116,'Malaga','2014-04-05','2018-04-05',86844601),
                            (117,'Malaga','2014-04-05','2018-04-05',89770001),
                            (118,'Malaga','2014-04-05','2018-04-05',56870001),
                            (119,'Mallorca','2012-09-11','2017-09-11',42440001),
                            (120,'Mallorca','2012-09-11','2017-09-11',13200001),
                            (121,'Mallorca','2012-09-11','2017-09-11',97870001),
                            (122,'Numancia','2014-02-21','2017-02-21',59750001),
                            (123,'Numancia','2014-02-21','2017-02-21',97898501),
                            (124,'Numancia','2014-02-21','2017-02-21',58970001),
                            (125,'Osasuna','2014-01-30','2018-01-30',54445001),
                            (126,'Osasuna','2014-01-30','2018-01-30',45654001),
                            (127,'Osasuna','2014-01-30','2018-01-30',98640001),
                            (128,'Real Madrid','2014-09-14','2018-09-14',88655001),
                            (129,'Real Madrid','2014-09-14','2018-09-14',15656001),
                            (130,'Real Madrid','2014-09-14','2018-09-14',35660001),
                            (131,'Sevilla','2016-08-18','2019-08-18',15350001),
                            (132,'Sevilla','2016-08-18','2019-08-18',31250001),
                            (133,'Sevilla','2016-08-18','2019-08-18',36550001),
                            (134,'Valencia','2014-08-20','2019-08-20',53240001),
                            (135,'Valencia','2014-08-20','2019-08-20',54354001),
                            (136,'Valencia','2014-08-20','2019-08-20',55430001),
                            (137,'Arsenal','2014-11-07','2017-11-07',35400001),
                            (138,'Arsenal','2014-11-07','2017-11-07',45340001),
                            (139,'Arsenal','2014-11-07','2017-11-07',24000001),
                            (140,'Aston Villa','2010-02-02','2015-02-02',21450001),
                            (141,'Aston Villa','2010-02-02','2015-02-02',54240001),
                            (142,'Aston Villa','2010-02-02','2015-02-02',55210001),
                            (143,'Chelsea','2015-02-21','2018-02-21',95630001),
                            (144,'Chelsea','2015-02-21','2018-02-21',98980001),
                            (145,'Chelsea','2015-02-21','2018-02-21',86560001),
                            (146,'Everton','2014-08-20','2019-08-20',16560001),
                            (147,'Everton','2014-08-20','2019-08-20',12360001),
                            (148,'Everton','2014-08-20','2019-08-20',12350001),
                            (149,'Fulham','2013-05-13','2018-05-13',96370001),
                            (150,'Fulham','2013-05-13','2018-05-13',96350001),
                            (151,'Fulham','2013-05-13','2018-05-13',78500001),
                            (152,'Liverpool','2015-01-10','2018-01-10',78200001),
                            (153,'Liverpool','2015-01-10','2018-01-10',86300001),
                            (154,'Liverpool','2015-01-10','2018-01-10',87470001),
                            (155,'Portsmouth','2014-12-13','2018-12-13',64870001),
                            (156,'Portsmouth','2014-12-13','2018-12-13',78550001),
                            (157,'Portsmouth','2014-12-13','2018-12-13',78550001),
                            (158,'Sunderland','2012-09-11','2017-09-11',42570001),
                            (159,'Sunderland','2012-09-11','2017-09-11',45220001),
                            (160,'Sunderland','2012-09-11','2017-09-11',45240001),
                            (1001,'Almeria','2013-12-23','2018-12-23',80562001),
                            (1002,'Athletic Bilbao','2015-01-22','2018-01-22',60063501),
                            (1003,'Barcelona','2013-10-25','2016-10-25',20015401),
                            (1004,'Espanyol','2011-02-12','2017-02-12',90515001),
                            (1005,'Getafe','2013-03-12','2015-03-12',40858001),
                            (1006,'Malaga','2014-04-05','2018-04-05',30125001),
                            (1007,'Mallorca','2016-07-06','2019-07-06',70005101),
                            (1008,'Numancia','2012-09-11','2017-09-11',50420301),
                            (1009,'Osasuna','2015-08-14','2018-08-14',23240001),
                            (1010,'Real Madrid','2013-11-19','2016-11-19',83574501),
                            (1011,'Sevilla','2010-02-02','2015-02-02',70750001),
                            (1012,'Valencia','2014-01-30','2018-01-30',63571001),
                            (1013,'Arsenal','2011-05-16','2017-05-16',33573001),
                            (1014,'Aston Villa','2014-06-23','2018-06-23',17701501),
                            (1015,'Chelsea','2016-09-17','2019-09-17',65405001),
                            (1016,'Everton','2013-01-27','2017-01-27',13402001),
                            (1017,'Fulham','2011-08-22','2015-08-22',84535601),
                            (1018,'Liverpool','2012-07-26','2015-07-26',60074501),
                            (1019,'Portsmouth','2015-02-21','2018-02-21',73201001),
                            (1020,'Sunderland','2014-08-28','2019-08-28',93142901),
                            (1111,'Liverpool','2013-02-23','2018-02-23',80543201),
                            (1234,'Almeria','2014-12-13','2018-12-13',83042001),
                            (1243,'Numancia','2015-03-18','2019-03-18',43248001),
                            (1345,'Fulham','2014-11-07','2017-11-07',80234501),
                            (1435,'Everton','2014-01-30','2018-01-30',65641001),
                            (2222,'Portsmouth','2014-09-14','2018-09-14',24230001),
                            (2345,'Athletic Bilbao','2016-08-18','2019-08-18',93402901),
                            (3333,'Sunderland','2013-08-04','2017-08-04',20512301),
                            (3456,'Espanyol','2014-02-11','2018-02-11',72101001),
                            (4321,'Real Madrid','2016-01-29','2019-01-29',67883501),
                            (4322,'Osasuna','2015-05-16','2017-05-16',33023001),
                            (4567,'Getafe','2014-02-21','2017-02-21',72401001),
                            (5432,'Sevilla','2014-03-11','2016-03-11',43228001),
                            (5678,'Barcelona','2014-08-20','2019-08-20',82405601),
                            (6543,'Valencia','2015-01-14','2018-01-14',67563501),
                            (6789,'Malaga','2011-08-25','2015-08-25',83147601),
                            (7654,'Arsenal','2015-01-10','2018-01-10',67781001),
                            (7890,'Mallorca','2013-05-13','2018-05-13',31253001),
                            (8765,'Aston Villa','2014-11-09','2018-11-09',87554501),
                            (9876,'Chelsea','2014-12-03','2018-12-03',80562001);

-- Insert tuples into TEAM table
INSERT INTO TEAM VALUES ('Almeria','ALM','www.almeriaunited.com','Mediterraneos',0),
                        ('Athletic Bilbao','ATH','www.athleticunited.com','Bilbao',0),
                        ('Barcelona','BAR','www.barcelonaunited.com','Barcelona',0),
                        ('Espanyol','ESP','www.espanyolunited.com','Estadi Olimpic',0),
                        ('Getafe','GAT','www.getafeunited.com','Getafe',0),
                        ('Malaga','MAL','www.malagaunited.com','Malaga',0),
                        ('Mallorca','MLL','www.mallorcaunited.com','Balearic Islands',0),
                        ('Numancia','NUM','www.numanciaunited.com','Los Pajaritos',0),
                        ('Osasuna','OSA','www.osasunaunited.com','Navarra',0),
                        ('Real Madrid','RMD','www.realmunited.com','Madrid',0),
                        ('Sevilla','SEV','www.sevillaunited.com','Ram n S nchez',0),
                        ('Valencia','VAL','www.valenciaunited.com','Mestalla',0),
                        ('Arsenal','ARS','www.arsenalunited.com','Emirates',0),
                        ('Aston Villa','AST','www.astonvunited.com','Aston',0),
                        ('Chelsea','CHE','www.chelseaunited.com','Chelsea',0),
                        ('Everton','EVR','www.evertonunited.com','Goodison Park',0),
                        ('Fulham','FUL','www.fulhamunited.com','Craven Cottage',0),
                        ('Liverpool','LIV','www.liverpoolunited.com','Anfield',0),
                        ('Portsmouth','POR','www.portsmouthunited.com','Fratton Park',0),
                        ('Sunderland','SUR','www.sunderlandunited.com','White Hart',0);

-- Insert tuples into MANAGER table
INSERT INTO MANAGER VALUES (1,'Shivang','Kumar','Raj','1985-01-16','9456712348','Almeria',1234),
                           (2,'Sumeet','','Singh','1990-03-25','7654312890','Athletic Bilbao',2345),
                           (3,'Kanav','Singh','Sethi','1970-12-10','8765498765','Espanyol',3456),
                           (4,'Shivam','','Anand','1968-02-05','9988776655','Getafe',4567),
                           (5,'Nikhil','Ramesh','Patwari','1990-03-17','9831260800','Barcelona',5678),
                           (6,'Saksham','K','Sehrawet','1978-09-13','9654312789','Malaga',6789),
                           (7,'Dhruv','L','Sirohi','1985-03-21','9831675432','Mallorca',7890),
                           (8,'Prashant','K','Mishra','1960-10-14','9903214567','Numancia',1243),
                           (9,'Samar','G','Singh','1979-02-13','9988998877','Osasuna',4322),
                           (10,'Dhruv','K','Moudgil','1974-08-17','9876543210','Real Madrid',4321),
                           (11,'Ronak','S','Jindal','1992-05-12','9887766532','Sevilla',5432),
                           (12,'Ramesh','B','Gupta','1989-12-29','9878767654','Valencia',6543),
                           (13,'Varun','L','Jjwala','1990-01-07','9876565432','Arsenal',7654),
                           (14,'Victor','Von','Doom','1969-05-28','7896543213','Aston Villa',8765),
                           (15,'Steve','','Rogers','1992-06-14','9876556789','Chelsea',9876),
                           (16,'Tony','P','Stark','1984-03-19','9098789876','Everton',1435),
                           (17,'Bruce','A','Banner','1978-09-12','8765432198','Fulham',1345),
                           (18,'Bruce','A','Wayne','1987-11-19','8798765554','Liverpool',1111),
                           (19,'Clark','K','Kent','1987-12-31','9876786321','Portsmouth',2222),
                           (20,'Neelansh','A','Kamal','1987-09-16','9767851234','Sunderland',3333);

-- Insert tuples into COACH table
INSERT INTO COACH VALUES (1,'Jose','A','Mourinho','1963-01-26','9563214756','Head','Almeria',1001),
                         (2,'Carlo','','Ancelotti','1959-06-10','8547651354','Head','Athletic Bilbao',1002),
                         (3,'Alex','F','Ferguson','1941-12-31','8765452156','Head','Barcelona',1003),
                         (4,'Arsene','E','Wenger','1949-10-22','7456889844','Head','Espanyol',1004),
                         (5,'Louis','Van','Gaal','1951-08-08','9548888742','Head','Getafe',1005),
                         (6,'Marcello','','Lippi','1948-04-12','7458965145','Head','Malaga',1006),
                         (7,'Manuel','L','Pellegrini','1953-09-16','8096321475','Head','Mallorca',1007),
                         (8,'Johan','A','Cruyff','1947-04-25','8045632158','Head','Numancia',1008),
                         (9,'Vicente','Del','Bosque','1950-12-23','8452154848','Head','Osasuna',1009),
                         (10,'David','','Moyes','1963-04-25','7532165865','Head','Real Madrid',1010),
                         (11,'Guus','D','Hiddink','1946-11-08','8654564785','Head','Sevilla',1011),
                         (12,'Massi','','Allegri','1967-08-11','7859658542','Head','Valencia',1012),
                         (13,'Arrigo','T','Sacchi','1946-04-01','8855455555','Head','Arsenal',1013),
                         (14,'Luis','I','Enrique','1970-05-08','8877445214','Head','Aston Villa',1014),
                         (15,'Rinus','','Michels','1955-02-09','9569622365','Head','Chelsea',1015),
                         (16,'Antonio','S','Conte','1969-07-31','7415263987','Head','Everton',1016),
                         (17,'Claudio','T','Ranieri','1951-10-20','8895662244','Head','Fulham',1017),
                         (18,'Rafael','','Ben tez','1960-04-16','9655652214','Head','Liverpool',1018),
                         (19,'Brian','','Clough','1950-03-21','9565555421','Head','Portsmouth',1019),
                         (20,'Fabio','Y','Capello','1946-06-18','8526233554','Head','Sunderland',1020);

-- Insert tuples into PLAYER table
INSERT INTO PLAYER VALUES (1,'Christiano','K','Ronaldo','1990-03-14','gk',70,6.1,'Portugese',7,'Almeria',101),
                          (2,'Angel','Di','Maria','1989-05-17','st',65,5.1,'Argentinian',13,'Almeria',102),
                          (3,'Sergio','X','Ramos','1991-12-19','lb',75,6.5,'Spanish',15,'Almeria',103),
                          (4,'Iker','F','Casillas','1989-09-21','gk',70,6.6,'Spanish',21,'Athletic Bilbao',104),
                          (5,'Mario','S','Gotze','1990-02-14','st',62,5.8,'Italian',54,'Athletic Bilbao',105),
                          (6,'Lionel','O','Messi','1989-09-17','lb',60,5.6,'Argentinian',10,'Athletic Bilbao',106),
                          (7,'David','G','Villa','1992-01-12','gk',65,5.8,'Spanish',12,'Barcelona',107),
                          (8,'Sergio','F','Ronaldinho','1985-02-12','mid',68,6,'Brazilian',13,'Barcelona',108),
                          (9,'Xavier','X','Puyol','1990-11-28','lb',70,6.5,'Spanish',2,'Barcelona',108),
                          (10,'Luis','F','Suarez','1990-06-20','gk',63,6,'English',50,'Espanyol',110),
                          (11,'Gareth','G','Bale','1989-12-30','mid',65,5.9,'Costa Rican',12,'Espanyol',111),
                          (12,'Wayne','L','Rooney','1990-06-14','rb',60,5.8,'English',8,'Espanyol',112),
                          (13,'Roger','K','Ferdinand','1987-10-20','gk',67,6.1,'English',9,'Getafe',113),
                          (14,'Steven','F','Gerrard','1986-11-30','mid',60,5.9,'English',12,'Getafe',114),
                          (15,'Lion','F','Hulk','1990-09-08','mid',64,6.2,'English',26,'Getafe',115),
                          (16,'Saksham','Z','Sehra','1990-11-09','gk',65,6,'Indian',1,'Malaga',116),
                          (17,'Gurr','G','Obero','1987-07-12','st',70,6.7,'Indian',14,'Malaga',117),
                          (18,'Neela','K','Kamlesh','1989-09-16','lb',63,5.8,'Indian',13,'Malaga',118),
                          (19,'Roger','','Federer','1990-06-20','gk',62,5.9,'Roman',17,'Mallorca',119),
                          (20,'Zack','K','Galafinakas','1989-01-01','mid',67,6.7,'American',18,'Mallorca',120),
                          (21,'Howard','Joel','Wolowitz','1990-09-12','lb',62,5.5,'English',12,'Mallorca',121),
                          (22,'Sheldon','Lee','Cooper','1989-10-13','gk',65,5.8,'English',15,'Numancia',122),
                          (23,'Leonard','Leaky','Hofstader','1989-11-15','rwf',63,5.9,'English',23,'Numancia',123),
                          (24,'Raj','Ram','Kooth','1990-06-20','lb',65,5.8,'English',25,'Numancia',124),
                          (25,'Shivam','K','Anu','1989-03-29','gk',67,5.9,'Indian',27,'Osasuna',125),
                          (26,'Ross','F','Geller','1989-03-30','st',65,5.8,'English',23,'Osasuna',126),
                          (27,'Chandler','M','Bing','1990-06-23','rb',60,5.7,'American',25,'Osasuna',127),
                          (28,'Joey','F','Tribiani','1990-05-20','gk',68,6.7,'Italian',13,'Real Madrid',128),
                          (29,'Sunil','G','Chettri','1987-01-12','st',65,6.2,'Indian',12,'Real Madrid',129),
                          (30,'Baichung','Z','Bhutiya','1987-02-23','lwf',67,6,'Indian',17,'Real Madrid',130),
                          (31,'Sergio','F','Rico','1989-05-21','gk',62,5.7,'Spanish',1,'Sevilla',131),
                          (32,'David','S','Soria','1987-03-01','st',68,6.3,'Portugese',14,'Sevilla',132),
                          (33,'Salvatore','A','Sirigu','1986-10-09','rb',63,6.2,'African',25,'Sevilla',133),
                          (34,'Nicholas','L','Pareja','1990-05-05','gk',67,6.5,'Italian',26,'Valencia',134),
                          (35,'Diego','','Gonzalez','1995-05-10','mid',63,5.8,'American',21,'Valencia',135),
                          (36,'Daniel','P','Carrico','1989-09-19','lb',67,6.7,'French',9,'Valencia',136),
                          (37,'Adil','S','Rami','1987-10-12','gk',56,5.7,'Hungarian',12,'Arsenal',137),
                          (38,'Samir','G','Nasri','1987-07-09','mid',64,5.9,'Italian',23,'Arsenal',138),
                          (39,'Paulo','','Ganso','1985-03-23','lb',65,6,'Spanish',26,'Arsenal',139),
                          (40,'Franco','','Vasquez','1990-07-12','gk',63,5.8,'English',29,'Aston Villa',140),
                          (41,'David','','Button','1987-09-13','mid',65,5.9,'English',21,'Aston Villa',141),
                          (42,'Scott','D','Malone','1986-03-12','rb',63,6.1,'English',12,'Aston Villa',142),
                          (43,'Dennis','O','Donald','1987-03-17','gk',59,5.8,'English',11,'Chelsea',143),
                          (44,'Marek','R','Rodak','1987-10-12','rwf',67,6.7,'English',16,'Chelsea',144),
                          (45,'Marcus','F','Williams','1986-12-15','lb',67,6.9,'English',25,'Chelsea',145),
                          (46,'Tim','K','Ream','1993-01-12','gk',65,6.2,'English',12,'Everton',146),
                          (47,'Matt','L','Smith','1990-07-29','st',67,6.3,'English',15,'Everton',147),
                          (48,'Floyd','Z','Lee','1990-10-23','lb',64,6.5,'Japanese',17,'Everton',148),
                          (49,'Jim','P','Carrey','1978-04-12','gk',68,6.7,'American',12,'Fulham',149),
                          (50,'Joza','K','Bed','1993-03-13','rwf',71,6.8,'English',14,'Fulham',150),
                          (51,'Vignesh','Suresh','Pillai','1992-07-17','lb',70,6.7,'Indian',12,'Fulham',151),
                          (52,'Jim','F','Parsons','1989-05-12','gk',67,6.3,'American',1,'Liverpool',152),
                          (53,'Simon','W','Helberg','1987-10-13','mid',65,5.9,'English',14,'Liverpool',153),
                          (54,'Kunal','Kumar','Nayyar','1989-02-12','lb',58,5.4,'Indian',15,'Liverpool',154),
                          (55,'James','K','Franco','1987-12-19','gk',67,6.3,'Spanish',1,'Portsmouth',155),
                          (56,'Dave','H','Franco','1989-01-18','mid',59,5.8,'English',9,'Portsmouth',156),
                          (57,'Johnny','Z','Galecki','1990-05-19','def',68,6.5,'American',17,'Portsmouth',157),
                          (58,'Wayne','P','Rooney','1989-07-12','gk',65,5.8,'English',13,'Sunderland',158),
                          (59,'Varun','D','Jindal','1989-05-13','mid',65,6.5,'Indian',15,'Sunderland',159),
                          (60,'Samuel','','Gomez','1989-10-15','lb',67,6.5,'Australian',16,'Sunderland',160);
                          
-- Insert tuples into REFEREE table                       
INSERT INTO REFEREE VALUES (1,'Jhon','K','Abruzzi','1974-10-16','9879563214',1),
                           (2,'Ajay','K','Jain','1981-01-16','9532147685',2),
                           (3,'Monish','P','Patwari','1972-03-16','9986523147',3),
                           (4,'Shyam','','Lal','1969-04-16','9224586315',4),
                           (5,'Rahul','A','Aggarwal','1978-12-16','9825849631',5),
                           (6,'Sanjay','','Jain','1980-05-16','9736951483',6),
                           (7,'Shrey','D','Seth','1976-06-16','9025896430',7),
                           (8,'Luv','A','Mehta','1971-02-16','9541236985',8),
                           (9,'Mike','L','Jora','1970-07-16','9645831252',9),
                           (10,'Matt','D','Ross','1968-09-16','9112354681',10);

-- Insert tuples into GAME table
INSERT INTO GAME VALUES (1,'2016-04-02','16:40:00','6-2','Chelsea','Liverpool','Stamford Bridge',30,56,76),
                        (2,'2016-04-04','12:22:00','4-5','Almeria','Barcelona','Juegos Deportiva',29,82,24),
                        (3,'2016-04-05','18:05:00','3-2','Athletic Bilbao','Getafe','San Mames',31,24,42),
                        (4,'2016-04-06','14:12:00','2-4','Espanyol','Malaga','Estadi Cornella El',32,35,84),
                        (5,'2016-04-08','13:16:00','4-3','Mallorca','Numancia','Son Bibiloni',35,25,20),
                        (6,'2016-04-09','11:25:00','0-4','Osasuna','Sevilla','Juegos Deportivo',25,23,30),
                        (7,'2016-04-12','9:45:00','4-2','Real Madrid','Osasuna','Santiago Bernabeau',39,78,19),
                        (8,'2016-04-14','12:12:00','2-3','Sevilla','Real Madrid','The Oval',38,56,85),
                        (9,'2016-04-15','15:16:00','4-1','Arsenal','Valencia','The Gunners',31,42,39),
                        (10,'2016-04-16','10:25:00','1-1','Valencia','Almeria','The Gardens',40,52,45),
                        (11,'2016-04-17','11:46:00','0-5','Barcelona','Chelsea','Camp Nou',28,15,77),
                        (12,'2016-04-19','12:26:00','5-3','Malaga','Athletic Bilbao','La Rosaleda',27,36,55),
                        (13,'2016-04-21','16:00:00','3-1','Getafe','Espanyol','Coliseum Alfonso',36,98,25),
                        (14,'2016-04-22','18:56:00','2-1','Portsmouth','Mallorca','Theatre of Dreams',32,75,39),
                        (15,'2016-04-26','8:00:00','1-5','Numancia','Arsenal','The Colloseum',31,81,35),
                        (16,'2016-04-30','7:56:00','5-4','Aston Villa','Fulham','Villa Park',33,68,48),
                        (17,'2016-05-01','10:06:00','0-5','Everton','Aston Villa','The Hub',35,6,96),
                        (18,'2016-05-05','16:50:00','3-2','Fulham','Everton','The MLF',34,96,13),
                        (19,'2016-05-07','15:20:00','5-1','Liverpool','Sunderland','The Anfielders',37,62,56),
                        (20,'2016-05-10','18:23:00','2-1','Sunderland','Portsmouth','Stadium of Light',28,43,85);

-- Insert tuples into PLAYSIN table
INSERT INTO PLAYSIN VALUES (1,43),
                           (1,44),
                           (1,45),
                           (1,52),
                           (1,53),
                           (1,54),
                           (2,1),
                           (2,2),
                           (2,3),
                           (2,7),
                           (2,8),
                           (2,9),
                           (3,4),
                           (3,5),
                           (3,6),
                           (3,13),
                           (3,14),
                           (3,15),
                           (4,10),
                           (4,11),
                           (4,12),
                           (4,16),
                           (4,17),
                           (4,18),
                           (5,19),
                           (5,20),
                           (5,21),
                           (5,22),
                           (5,23),
                           (5,24),
                           (6,25),
                           (6,26),
                           (6,27),
                           (6,32),
                           (6,33),
                           (6,31),
                           (7,28),
                           (7,29),
                           (7,30),
                           (7,25),
                           (7,26),
                           (7,27),
                           (8,31),
                           (8,32),
                           (8,33),
                           (8,28),
                           (8,29),
                           (8,30),
                           (9,37),
                           (9,38),
                           (9,39),
                           (9,36),
                           (9,35),
                           (9,34),
                           (10,34),
                           (10,35),
                           (10,36),
                           (10,1),
                           (10,2),
                           (10,3),
                           (11,7),
                           (11,8),
                           (11,9),
                           (11,43),
                           (11,44),
                           (11,45),
                           (12,16),
                           (12,17),
                           (12,18),
                           (12,4),
                           (12,5),
                           (12,6),
                           (13,13),
                           (13,14),
                           (13,15),
                           (13,10),
                           (13,11),
                           (13,12),
                           (14,55),
                           (14,56),
                           (14,57),
                           (14,19),
                           (14,20),
                           (14,21),
                           (15,23),
                           (15,24),
                           (15,25),
                           (15,37),
                           (15,38),
                           (15,39);

-- Insert tuples into OFFICIATES table
INSERT INTO OFFICIATES VALUES (1,3),
							  (1,5),
                              (1,8),
                              (2,7),
                              (2,1),
                              (2,6),
                              (3,9),
                              (3,8),
                              (3,7),
                              (4,6),
                              (4,9),
                              (4,10),
                              (5,2),
                              (5,1),
                              (5,3),
                              (6,5),
                              (6,3),
                              (6,8),
                              (7,5),
                              (7,9),
                              (7,10),
                              (8,7),
                              (8,5),
                              (8,4),
                              (9,5),
                              (9,7),
                              (9,9),
                              (10,10),
                              (10,1),
                              (10,2),
                              (11,3),
                              (11,7),
                              (11,9),
                              (12,3),
                              (12,5),
                              (12,4),
                              (13,1),
                              (13,3),
                              (13,7),
                              (14,3),
                              (14,2),
                              (14,9),
                              (15,5),
                              (15,1),
                              (15,4),
                              (16,10),
                              (16,5),
                              (16,6),
                              (17,10),
                              (17,6),
                              (17,3),
                              (18,1),
                              (18,5),
                              (18,7),
                              (19,3),
                              (19,10),
                              (19,9),
                              (20,3),
                              (20,9),
                              (20,6);

-- Insert tuples into STATS table
INSERT INTO STATS VALUES (1,0,0,0,0,2),
                         (4,0,1,0,0,2),
                         (7,0,0,0,0,0),
                         (10,0,2,0,0,5),
                         (13,0,0,0,0,1),
                         (16,0,5,0,0,9),
                         (19,0,2,0,0,11),
                         (22,0,0,0,0,12),
                         (25,0,6,0,0,0),
                         (28,0,0,0,0,6),
                         (31,0,0,0,0,3),
                         (34,0,0,0,0,7),
                         (37,0,1,0,0,9),
                         (40,0,0,0,0,1),
                         (43,0,0,0,0,0),
                         (46,0,6,0,0,12),
                         (49,0,0,0,0,22),
                         (52,0,2,0,0,9),
                         (55,0,0,0,0,15),
                         (58,0,5,0,0,3),
                         (2,0,3,20,4,0),
                         (5,1,2,13,5,0),
                         (8,0,3,14,1,0),
                         (11,0,2,16,6,0),
                         (14,2,5,11,1,0),
                         (17,0,0,16,11,0),
                         (20,0,3,29,1,0),
                         (23,1,5,30,6,0),
                         (26,2,0,21,2,0),
                         (29,1,3,44,1,0),
                         (32,0,0,12,5,0),
                         (35,0,1,5,6,0),
                         (38,2,0,15,1,0),
                         (41,0,0,12,6,0),
                         (44,0,1,15,7,0),
                         (47,1,0,11,5,0),
                         (50,3,1,14,3,0),
                         (53,0,0,55,2,0),
                         (56,2,0,2,2,0),
                         (59,1,1,4,4,0),
                         (3,5,9,3,0,0),
                         (6,4,7,4,2,0),
                         (9,6,8,5,0,0),
                         (12,3,10,1,0,0),
                         (15,2,4,1,1,0),
                         (18,1,15,2,2,0),
                         (21,4,1,3,0,0),
                         (24,5,0,0,3,0),
                         (27,1,4,0,2,0),
                         (30,2,5,4,1,0),
                         (33,3,3,1,0,0),
                         (36,0,5,0,3,0),
                         (39,1,12,1,3,0),
                         (42,0,9,0,4,0),
                         (45,4,1,4,4,0),
                         (48,5,4,0,5,0),
                         (51,1,5,1,1,0),
                         (54,5,6,0,0,0),
                         (57,11,7,2,0,0),
                         (60,6,12,4,0,0);

-- Insert tuples into GOAL table
INSERT INTO GOAL VALUES (1,'60MIN06SEC',2),
                        (2,'49MIN24SEC',18),
                        (3,'36MIN56SEC',36),
                        (4,'72MIN12SEC',42),
                        (5,'19MIN01SEC',4),
                        (6,'06MIN33SEC',8),
                        (7,'43MIN56SEC',12),
                        (8,'89MIN17SEC',22),
                        (9,'75MIN35SEC',14),
                        (10,'23MIN42SEC',52),
                        (11,'35MIN32SEC',16),
                        (12,'52MIN20SEC',6),
                        (13,'86MIN51SEC',20),
                        (14,'12MIN41SEC',24),
                        (15,'62MIN36SEC',54),
                        (16,'46MIN42SEC',38),
                        (17,'86MIN35SEC',56),
                        (18,'09MIN41SEC',48),
                        (19,'48MIN02SEC',58),
                        (20,'17MIN17SEC',26);
