CID,Province,Revenue,Employees,Total_Asset,Profit,ROA,ROE,P.L.O,ROI,ROS,Debt.Equity.,CL.TA,L.TA,NWC
1,Alessandria,207918,454,165588,10691,11.09,25.97,58.24,NA,8.82,0,1,0,4332
2,Milano,160615,259,97147,5348,10.07,29.73,54.64,NA,6.08,0,0.81,0.19,25171
3,Milano,146019,403,127722,3341,16.75,4.56,15.62,29.19,14.51,0,1,0,54151
4,Alessandria,141401,304,224664,-871,1.1,-1.03,-35.38,1.74,1.72,0.56,0.87,0.13,56141
5,Vicenza,126609,84,45174,3164,10.22,13.12,68.54,10.91,3.64,0.46,0.56,0.44,31643
6,Vicenza,121147,132,48912,1823,6.12,9.3,60.86,6.73,2.46,1.27,0.89,0.11,6754
7,Vicenza,89497,57,16707,339,3.79,5.93,53.51,4.71,0.71,1.36,1,0,3988
8,Treviso,82429,59,23785,732,1.02,12.75,301.52,1.24,0.29,2.42,0.94,0.06,1467
9,Alessandria,74621,67,89794,5573,9.63,17.25,64.43,16.84,11.58,0.59,0.94,0.06,35589
10,Treviso,67357,110,11301,-5158,-32.58,NA,NA,NA,-5.44,0,0.87,0.13,98
11,Treviso,63039,75,3757,179,-5.41,32.57,-87.83,NA,-0.32,0,1,0,568
12,Alessandria,60774,102,49069,4912,13.79,11.36,72.6,15.65,11.09,0,1,0,42851
13,Alessandria,57830,12,3358,65,4.9,2.31,39.21,5.9,0.28,0,1,0,2431
14,Vicenza,56318,104,16934,675,7.17,12.85,55.63,11.25,2.14,1.05,0.68,0.32,2094
15,Alessandria,51686,9,7196,-1068,-5.46,NA,NA,NA,-0.76,-1.18,1,0,-10027
16,Vicenza,45990,48,63798,-525,2.27,-2.03,-36.22,3.4,3.15,0.65,0.71,0.29,16551
17,Vicenza,45691,93,31974,3650,14.98,32.78,76.21,18.26,10.45,1.36,0.79,0.21,8145
18,Vicenza,41727,11,2927,226,14.75,19.17,52.38,19.9,1.03,0.84,0.37,0.63,2312
19,Vicenza,41399,65,17332,406,7.63,9.82,30.68,9.02,3.19,2.55,0.8,0.2,4245
20,Vicenza,39915,50,16674,1523,12.88,19.72,70.92,18.58,5.35,0.5,0.98,0.02,5624
21,Vicenza,34764,91,36287,1317,6.48,7.36,55.96,9.95,6.56,0.32,0.94,0.06,14100
22,Vicenza,33671,51,17666,-106,9.46,-2.38,-6.33,11.67,4.86,2.23,0.8,0.2,536
23,Padova,33401,31,16824,2,1.1,0.05,1.29,1.3,0.55,1.34,0.7,0.3,2965
24,Milano,32269,91,76176,-12925,3.12,-39.68,NA,4.01,7.26,0.82,0.68,0.32,30453
25,Vicenza,29090,63,13435,2053,23.01,22.17,66.42,NA,10.21,0,1,0,8799
26,Torino,24511,80,20970,547,4.39,5.9,59.48,5.35,3.73,0.58,0.6,0.4,11312
27,Vicenza,23079,39,20888,857,6.14,9.24,66.82,9.53,5.47,0.45,0.76,0.24,8608
28,Padova,22246,62,11379,462,5.42,8.02,74.96,6.9,2.74,0.55,0.89,0.11,4394
29,Vicenza,21864,73,28289,281,1.72,1.59,57.8,2.48,2.21,0.11,0.98,0.02,12257
30,Padova,19342,12,5481,85,2.11,1.68,73.58,2.28,0.6,0,1,0,1321
31,Alessandria,17287,31,22951,399,3.61,5.19,48.07,4.01,4.79,1.69,0.93,0.07,8859
32,Bergamo,16962,86,15854,-36348,-212.6,NA,NA,NA,NA,-0.41,1,0,-35123
33,Modena,16227,12,5834,13,4.79,0.86,4.67,5.9,1.71,2.1,0.88,0.12,1976
34,Alessandria,14897,65,14221,865,9,7.62,67.57,11.28,8.52,0,0.58,0.42,10449
35,Alessandria,14695,108,8154,158,6.04,14.31,31.99,10.86,3.35,3.12,0.63,0.37,3444
36,Vicenza,14262,20,2746,505,29.99,34.77,61.26,NA,5.75,0.27,0.5,0.5,1171
37,Alessandria,13308,79,16716,1772,14.88,16.92,71.23,18.08,18.62,0.3,0.52,0.48,10112
38,Trento,13221,21,9397,398,8.1,10.25,52.25,11.05,5.73,0.78,0.59,0.41,5830
39,Vicenza,13207,35,6170,37,1.59,2.26,38.03,2.14,0.73,1.58,0.52,0.48,1285
40,Milano,11983,41,5407,-155,-1.96,NA,NA,NA,-0.85,0,1,0,14
41,Alessandria,11913,22,15242,549,-0.59,9.19,NA,-1.51,-0.74,0,1,0,6419
42,Bologna,11813,28,9987,1,4,0.25,0.2,NA,3.37,20.8,1,0,-611
43,Vicenza,11554,17,3498,65,4.83,9.37,38.26,5.26,1.46,3.44,0.96,0.04,183
44,Torino,11487,49,12136,280,5.21,5.58,44.23,9.33,5.4,0.35,0.68,0.32,3467
45,Vicenza,11333,49,8535,790,14.3,24.07,64.73,26.68,10.62,0.39,0.93,0.07,4136
46,Milano,11132,53,22837,995,9.52,10.76,45.75,11.4,19.18,1.06,0.74,0.26,12022
47,Alessandria,10716,64,10624,24,3.67,0.52,6.1,6.94,3.59,0.04,0.86,0.14,4999
48,Varese,10490,86,10062,-486,-6.36,-7.9,NA,-8.19,-5.95,0.27,0.82,0.18,4997
49,Alessandria,10390,52,12217,57,3.79,9.02,12.33,7.48,4.28,8.79,0.91,0.09,1510
50,Milano,10246,1,2232,-49,-2.03,-24.28,NA,-6.81,-0.44,2.3,1,0,-34
51,Alessandria,10201,60,26424,6,1.29,0.05,1.66,1.93,3.31,0.41,0.83,0.17,10586
52,Milano,10169,16,9778,142,5.81,10.9,25.01,12.86,5.56,2.36,0.7,0.3,2052
53,Vicenza,10076,22,1741,-26,0.54,-2.89,-276.04,0.76,0.09,0.31,0.73,0.27,1027
54,Torino,9970,12,1538,221,21.02,59.07,68.23,NA,3.24,0,1,0,19
55,Vicenza,9880,53,5958,898,23.17,24.2,65.04,NA,13.86,0.06,0.95,0.05,2899
56,Alessandria,9800,80,12706,95,2.05,2.34,36.59,5.19,2.61,0.23,0.84,0.16,5754
57,Alessandria,9567,26,2431,197,11.63,18.88,69.75,16.55,2.93,0,1,0,1191
58,Bergamo,9515,36,12155,1178,14.82,20.13,65.43,NA,18.83,NA,0.72,0.28,2719
59,Padova,9240,13,2391,105,6.59,8.38,66.71,10.7,1.7,0.09,0.9,0.1,1367
60,Vicenza,9134,60,8254,174,3.37,67.37,62.43,5.26,2.66,19.51,0.73,0.27,1518
61,Alessandria,9001,42,12844,131,2.68,1.93,38.02,3.48,3.81,0.45,0.99,0.01,7136
62,Vicenza,8666,41,5325,214,6.71,6.68,59.71,8.69,4.12,0.04,0.42,0.58,3698
63,Vicenza,8468,6,1597,42,6.7,6.61,39.58,10.63,1.26,0.33,0.86,0.14,606
64,Treviso,8300,15,4096,11,7.06,1.04,3.9,8.63,3.48,2.1,0.65,0.35,606
65,Vicenza,8137,18,3499,23,-2.21,18.56,-29.35,-14.41,-0.95,3.39,0.87,0.13,592
66,Torino,7986,20,11363,66,2.44,5.32,23.86,5.22,3.43,3.27,0.67,0.33,3222
67,Vicenza,7865,22,1898,63,6.96,8.9,47.96,18.56,1.66,0,1,0,892
68,Alessandria,7663,30,8643,463,10.23,20.13,52.38,NA,11.41,NA,0.59,0.41,4576
69,Vicenza,7205,37,4209,181,7.59,23.43,56.73,13.89,4.37,1.97,0.93,0.07,920
70,Milano,7078,11,4834,20,-0.04,2.36,NA,-0.13,-0.03,0.38,1,0,612
71,Padova,6987,43,16928,-36,0.08,-0.25,-262.4,0.09,0.19,0.02,1,0,13428
72,Alessandria,6954,13,6421,430,11.7,21.5,57.21,24.74,10.79,0.52,0.96,0.04,2156
73,Milano,6940,21,8655,713,12.2,11.29,67.58,14.21,15.06,0.15,1,0,6373
74,Vicenza,6919,4,1277,16,-0.39,4.79,-320.3,-0.64,-0.07,1.32,0.87,0.13,474
75,Alessandria,6910,43,7975,136,3.63,7.58,46.78,5.4,4.18,2,0.79,0.21,1687
76,Vicenza,6849,21,5289,-33,-0.23,-1.02,NA,-0.3,-0.18,0.26,0.72,0.28,2990
77,Vicenza,6845,25,4635,-67,0.14,-5.2,NA,0.18,0.09,1.74,0.73,0.27,390
78,Milano,6835,7,9224,113,3.96,2.48,30.98,5.1,5.28,0.57,0.8,0.2,2537
79,Alessandria,6813,29,10635,230,2.42,3.05,89.44,3.41,3.76,0,1,0,8402
80,Vicenza,6765,NA,3498,-8,6.24,-3.5,-3.75,11.97,3.21,6.8,1,0,300
81,Padova,6632,97,30635,-1397,-4.97,-13.16,NA,-5.41,-21.14,0.24,0.17,0.83,16264
82,Vicenza,6565,45,14936,52,0.91,6.63,37.87,2.37,2.04,5.56,0.72,0.28,3704
83,Vicenza,6422,54,8197,27,2.63,0.95,12.6,3.31,3.31,1.14,0.54,0.46,2355
84,Alessandria,6400,27,12314,196,2.64,3.39,60.1,3.48,5.07,0.62,0.96,0.04,5642
85,Vicenza,6130,17,6251,407,9.04,9.02,71.99,NA,9.22,NA,0.75,0.25,3893
86,Vicenza,6076,44,8684,0,2.78,0.01,0.07,4.55,3.88,1.41,0.79,0.21,3450
87,Vicenza,6029,29,2983,119,6.84,10.56,58.39,14.46,3.34,0.25,1,0,531
88,Alessandria,5797,24,9106,7,4.12,0.28,1.91,NA,6.31,NA,1,0,2030
89,Alessandria,5739,22,11662,7,3.85,0.17,1.62,5.37,7.73,0.92,0.89,0.11,5246
90,Vicenza,5541,29,2119,-62,-1.04,-7.73,NA,-1.82,-0.39,0.51,1,0,507
91,Vicenza,5520,20,4850,7,2.3,4.04,6.01,4.58,1.8,13.66,0.2,0.8,2600
92,Alessandria,5317,41,6191,197,5.57,4.04,57.17,NA,6.48,NA,1,0,3710
93,Vicenza,5297,17,1748,44,4.66,4.47,53.44,6.65,1.53,0.26,0.44,0.56,1043
94,Vicenza,5242,28,1676,105,9.78,11.82,64.36,18.24,3.12,0.01,1,0,895
95,Milano,5074,3,1581,35,3.8,3.13,58.96,5.31,1.18,0,1,0,1097
96,Milano,4988,16,2635,129,8.63,30.29,56.62,NA,4.55,NA,0.85,0.15,567
97,Vicenza,4974,0,33114,-3553,-9.67,NA,NA,-11.69,NA,-5.13,1,0,-3503
98,Vicenza,4901,29,2744,15,9.44,4.59,5.68,13.54,5.26,4.97,0.83,0.17,282
99,Vicenza,4900,4,301,3,2.72,9.02,41.44,6.72,0.17,1.75,0.68,0.32,106
100,Genova,4864,2,5177,-3,0.46,-0.12,-12.54,NA,0.49,NA,1,0,2014
101,Alessandria,4707,20,2928,446,22.54,21.49,67.53,NA,13.98,NA,0.63,0.37,2354
102,Reggio nell'Emilia,4601,18,2856,162,8.31,12.55,68.16,NA,5.11,NA,1,0,938
103,Milano,4585,10,1628,55,5.05,33.5,67.26,16.96,1.79,0,0.78,0.22,367
104,Milano,4570,9,2934,127,7.75,31.68,55.95,26.77,4.92,0.85,0.83,0.17,154
105,Alessandria,4552,21,6930,-60,0.4,-1.9,-220.43,0.48,0.6,0.79,0.85,0.15,3445
106,Vicenza,4412,29,1675,161,-17.11,15.65,-56.32,-25.31,-6.44,0.1,1,0,1029
107,Vicenza,4368,27,5440,18,3.13,1.06,10.49,3.92,3.86,1.59,0.81,0.19,1192
108,Vicenza,4078,8,2014,1,3.26,0.22,0.9,4.63,1.57,3.16,0.68,0.32,910
109,Como,4073,22,6821,1204,20.97,23.83,84.16,28.14,NA,0.01,0.23,0.77,6032
110,Alessandria,4020,17,2347,64,5.53,68.64,49.01,16.25,3.22,7.62,0.93,0.07,168
111,Alessandria,3865,33,4431,893,26.96,26.39,74.75,NA,NA,0,1,0,2210
112,Vicenza,3661,NA,1594,-32,-0.59,NA,NA,NA,-0.26,NA,1,0,39
113,Milano,3628,12,9992,-197,-2.76,-3.48,NA,-3.82,-7.58,0.23,0.93,0.07,5981
114,Bergamo,3592,10,3871,312,12.6,12.64,63.89,14.38,13.05,0.38,1,0,2078
115,Vicenza,3539,13,1653,27,3.74,4.24,43.18,5.45,1.73,0.8,0.96,0.04,204
116,Reggio nell'Emilia,3534,70,4872,-1704,-30.09,NA,NA,NA,-40.57,37.75,0.68,0.32,86
117,Milano,3532,5,7546,0,0.51,0,-0.3,NA,1.07,NA,1,0,1183
118,Milano,3525,70,4300,0,1.7,0.14,0.2,5.13,1.93,13.03,0.81,0.19,893
119,Padova,3496,9,2110,69,4.07,5.01,80.72,4.99,2.45,0.24,0.64,0.36,1242
120,Vicenza,3471,8,582,2,11.42,8.43,2.38,NA,1.9,0.24,1,0,97
121,Vicenza,3447,28,1542,13,6.06,2.62,13.38,13.49,2.71,0.45,0.93,0.07,869
122,Alessandria,3436,31,2368,224,11.61,78.87,81.4,NA,7.69,3.38,1,0,323
123,Vicenza,3435,4,301,-33,-5.04,NA,NA,-18.26,-0.44,-15.59,1,0,-61
124,Padova,3367,16,4593,31,4.37,7.72,15.47,5.67,5.72,5.94,0.59,0.41,407
125,Vicenza,3363,7,1524,20,2.88,3.17,46.17,NA,1.3,NA,0.84,0.16,578
126,Alessandria,3359,17,5961,123,4.3,3.11,47.75,NA,7.29,NA,0.79,0.21,1573
127,Vicenza,3354,29,1604,43,9.21,12.52,29.29,17.11,4.39,1.5,0.79,0.21,778
128,Milano,3295,13,15947,-4292,-24.62,-101.58,NA,NA,NA,1.17,1,0,3705
129,Treviso,3235,24,6386,-1919,-13.86,NA,NA,5.4,-6.73,-0.69,1,0,-34385
130,Vicenza,3199,17,2773,58,1.52,11.09,137.49,NA,1.27,NA,0.31,0.69,1925
131,Milano,3186,28,1727,358,27.02,56.36,76.73,NA,13.62,NA,0.64,0.36,687
132,Vicenza,3140,NA,3268,-1013,-23.25,NA,NA,NA,-24.19,-5.47,0.71,0.29,755
133,Vicenza,3113,33,3940,2,0.16,0.07,31.7,0.2,0.2,0.04,0.73,0.27,3281
134,Alessandria,3084,22,3066,94,5.02,13.32,61.21,9.1,4.85,1.2,0.73,0.27,1437
135,Vicenza,3083,4,2275,2,1.37,18.36,7.24,NA,0.99,0.09,0.51,0.49,939
136,Alessandria,3075,36,3404,492,21.4,25.37,67.49,NA,23.57,NA,0.88,0.12,1188
137,Milano,3074,15,2733,8,3.09,1.29,9.4,NA,2.69,NA,0.66,0.34,834
138,Vicenza,3035,5,118,-841,-760.51,NA,NA,NA,-29.57,-0.53,0.69,0.31,-492
139,Alessandria,2975,14,1767,139,13.87,14.55,56.63,17.79,8.21,0.42,0.85,0.15,953
140,Alessandria,2971,32,2692,552,30.25,38.93,67.72,NA,27.4,0.41,0.76,0.24,1090
141,Alessandria,2969,23,3032,13,2.5,1.86,16.92,NA,2.5,NA,0.9,0.1,560
142,Vicenza,2913,22,2835,628,33.56,49.99,66.04,NA,NA,NA,0.53,0.47,970
143,Alessandria,2909,20,1883,11,3.07,5.06,18.51,NA,1.98,NA,0.8,0.2,628
144,Milano,2871,6,2588,1,0.92,0.04,2.84,1.18,0.81,0.23,0.61,0.39,1878
145,Vicenza,2838,16,2591,138,8.6,57.97,62.07,NA,7.78,1.37,0.94,0.06,-547
146,Verona,2760,19,1536,19,7.48,9.18,16.34,NA,3.24,4.69,0.5,0.5,577
147,Milano,2754,14,1898,390,33.04,37.6,62.13,NA,22.34,NA,1,0,887
148,Alessandria,2735,17,3175,167,6.81,11.27,77.21,11.46,7.82,0.12,0.83,0.17,1905
149,Venezia,2724,16,3008,8,0.63,0.43,44.54,0.92,0.67,0.05,0.92,0.08,1720
150,Vicenza,2719,14,678,111,23.67,71.53,69.13,NA,5.84,0,1,0,135
151,Vicenza,2712,0,1962,121,6.76,7.57,91.1,7.88,4.62,0.05,1,0,1559
152,Alessandria,2707,13,1596,111,14.27,13.14,48.73,26.97,8.39,0,1,0,988
153,Bolzano/Bozen,2689,13,5661,273,7.91,14.05,61.03,8.65,15.35,0.7,0.27,0.73,1437
154,Vicenza,2678,23,3792,212,7.75,7.86,72.07,NA,10.87,NA,1,0,1378
155,Alessandria,2658,12,1979,339,23.11,26.58,74.23,NA,17.01,0.11,0.65,0.35,1461
156,Alessandria,2648,14,6165,-91,-0.9,-2.85,NA,-1.14,-2.09,0.25,0.53,0.47,4737
157,Bologna,2633,14,4007,-296,-3.99,-25.29,NA,-7.87,-5.47,0.03,1,0,1113
158,Torino,2616,2,487,-192,-36.62,-42.28,NA,NA,-6.74,0,1,0,300
159,Alessandria,2611,16,2687,-147,-3.5,-21.79,NA,NA,-3.59,NA,0.92,0.08,1054
160,Vicenza,2543,23,2464,42,3.24,4.76,52.6,5.19,3.08,0.75,0.85,0.15,471
161,Vicenza,2534,2,1961,94,6.31,7.96,76.35,7.45,4.81,0.18,0.48,0.52,702
162,Vicenza,2514,15,1049,35,7.23,12.35,45.82,NA,3.02,NA,1,0,460
163,Vicenza,2469,21,2980,-15,0.98,-0.79,-52.31,NA,1.16,NA,1,0,1846
164,Alessandria,2460,38,1506,210,21.72,22.18,64.18,NA,13.3,0,1,0,612
165,Alessandria,2442,9,2022,58,6.91,11.29,41.36,9.83,5.66,1.41,0.8,0.2,808
166,Vicenza,2439,3,499,35,8.36,10.83,83.64,NA,1.71,NA,0.23,0.77,250
167,Vicenza,2429,19,1499,-66,1.01,-96.43,-434.42,2.5,0.63,7.89,1,0,77
168,Milano,2412,18,5389,147,4.68,3.96,58.25,6.14,10.45,0.02,0.61,0.39,3316
169,Alessandria,2388,15,6235,-236,-0.98,-17.41,NA,-1.61,-2.4,1.67,0.53,0.47,4013
170,Treviso,2363,20,3123,67,17.3,2.72,12.35,NA,22.22,NA,1,0,2479
171,Trento,2320,12,3280,6,2.48,2.62,7.44,7.68,3.37,3.59,0.91,0.09,66
172,Ravenna,2289,11,2376,55,9.92,39.25,23.45,NA,9.31,4.38,0.7,0.3,849
173,Alessandria,2289,25,957,-1470,-145.7,NA,NA,NA,NA,-0.4,1,0,-1273
174,Vicenza,2269,1,1064,21,6.12,11.92,32.91,22.04,2.86,0.64,1,0,218
175,Vicenza,2261,NA,2855,-3850,-132.41,NA,NA,NA,NA,-1,0.42,0.58,407
176,Vicenza,2234,9,1954,92,7.05,6.06,66.53,NA,6.17,NA,0.96,0.04,1401
177,Alessandria,2221,12,6444,-709,-10.66,-15.26,NA,-14.71,-30.22,0.01,0.13,0.87,6132
178,Vicenza,2200,14,824,27,4.44,7.69,74.13,10.37,1.65,0,1,0,668
179,Vicenza,2171,26,2831,-50,-1.84,-3.35,NA,-3.33,-2.4,0.05,1,0,2234
180,Vicenza,2139,0,1012,-617,-61.08,-61.67,NA,NA,-28.9,NA,1,0,1000
181,Vicenza,2110,14,1031,7,3.54,3.31,19.55,5.38,1.72,2.14,0.7,0.3,155
182,Bolzano/Bozen,2110,13,1107,14,5.04,11.05,25.1,NA,2.6,0.01,1,0,59
183,Padova,2057,9,2907,3,1.46,0.27,6.86,NA,2.03,NA,0.44,0.56,1023
184,Treviso,2056,9,1101,25,5.71,12.39,40.06,NA,2.08,NA,0.88,0.12,118
185,Bergamo,1989,17,4661,10,1.48,1.08,14.33,3.77,3.42,0.89,0.55,0.45,380
186,Milano,1981,9,2585,-1,0.58,-0.04,-3.76,0.73,0.75,0,1,0,1239
187,Ferrara,1971,13,2393,590,34.12,32.98,72.32,NA,NA,0,1,0,1308
188,Bergamo,1912,16,1757,266,22.8,22.03,66.42,NA,20.1,NA,0.93,0.07,683
189,Alessandria,1906,5,2999,117,5.34,7.74,72.95,8.4,8.4,0.26,0.79,0.21,1937
190,Milano,1899,18,1619,1,2.37,0.11,1.58,4.32,2.02,0.16,0.62,0.38,1041
191,Vicenza,1878,29,1247,-814,-58.65,NA,NA,NA,-38.36,-9.39,0.92,0.08,62
192,Alessandria,1874,22,2107,27,3.81,1.97,33.23,5.62,4.2,0.06,0.86,0.14,1401
193,Vicenza,1847,23,2161,15,4.2,2.44,16.33,7.38,4.83,1.02,0.78,0.22,334
194,Alessandria,1837,9,1678,336,29.23,25.29,68.61,NA,26.44,0,1,0,1217
195,Verbano-Cusio-Ossola,1834,15,1409,3,2.52,4.29,7.89,19.38,1.94,1.81,0.86,0.14,-83
196,Vicenza,1802,15,2638,34,4.18,8.46,30.41,NA,6.1,3.58,0.83,0.17,-264
197,Treviso,1795,21,11698,32,0.48,0.36,57.45,0.55,3.11,0,0.44,0.56,6211
198,Vicenza,1774,16,1137,26,5.99,14.07,38.28,10.87,3.83,2.38,1,0,258
199,Milano,1763,15,2016,9,9.24,6.67,4.77,NA,9.73,NA,0.75,0.25,568
200,Venezia,1760,20,2959,207,10.56,9.35,66.3,14.1,17.32,0,1,0,349
201,Monza e della Brianza,1753,15,1951,286,22.84,29.9,64.18,NA,25.39,0.33,0.62,0.38,568
202,Vicenza,1747,6,1628,-164,-1.98,-56.35,NA,-2.94,-1.73,2.76,0.94,0.06,282
203,Alessandria,1735,18,1169,46,9.76,17.51,40.73,NA,6.55,NA,0.96,0.04,340
204,Bergamo,1720,7,1236,30,4.35,6.59,56.45,NA,3.04,NA,1,0,380
205,Vicenza,1713,14,2379,95,7.89,32.72,50.84,13.11,10.89,3.28,0.82,0.18,-93
206,Vicenza,1712,10,1139,3,3.82,1.65,7.19,NA,2.52,NA,0.44,0.56,757
207,Alessandria,1712,9,671,-273,-51.02,-64.61,NA,NA,-19.38,NA,1,0,431
208,Vicenza,1707,NA,2990,-2356,-75.04,NA,NA,NA,NA,-1.62,0.82,0.18,-3192
209,Vicenza,1698,5,1483,17,1.58,2.79,73.46,NA,1.35,NA,0.49,0.51,738
210,Alessandria,1695,4,3906,78,3.63,3.53,55.2,5.36,8.36,0.19,0.91,0.09,2866
211,Alessandria,1678,10,1228,220,28.15,25.39,63.67,NA,20.61,NA,1,0,759
212,Vicenza,1668,1,2560,787,44.86,30.85,68.55,NA,NA,0,1,0,2512
213,Alessandria,1665,5,2539,12,1.36,0.68,33.56,NA,2.05,NA,0.62,0.38,1870
214,Brescia,1653,7,2014,67,7.48,16.42,44.72,NA,8.91,NA,0.9,0.1,325
215,Vicenza,1626,11,1439,210,22.2,18.79,65.73,28.59,19.63,0,1,0,872
216,Alessandria,1623,NA,2034,-1168,-46.85,NA,NA,NA,NA,-0.85,0.98,0.02,-846
217,Vicenza,1607,9,1043,12,5.07,15.03,21.83,NA,3.24,NA,0.95,0.05,-108
218,Cremona,1595,10,1454,2,3.31,0.94,4.84,5.39,2.98,2.6,0.66,0.34,65
219,Milano,1579,5,1110,53,12.14,23.35,39.68,28.69,8.48,0.94,0.92,0.08,387
220,Alessandria,1573,15,1536,31,3.17,4.8,62.95,4.02,3.08,0.9,0.71,0.29,642
221,Rimini,1570,NA,1460,34,-1.38,6.96,-166.25,-2.58,-1.27,0.62,1,0,483
222,Vicenza,1568,9,1003,81,13.69,19.9,59.3,NA,8.69,NA,1,0,119
223,Alessandria,1559,7,877,12,4.08,3.48,34.43,NA,2.29,NA,0.99,0.01,230
224,Vicenza,1557,10,1109,26,4.54,3.26,51.76,6.3,3.22,0,1,0,539
225,Vicenza,1543,32,2765,-739,-25.61,-81.56,NA,NA,-44.62,0.81,0.62,0.38,1714
226,Alessandria,1541,15,2496,269,15.08,12.59,71.45,NA,24.18,NA,0.98,0.02,1424
227,Milano,1524,9,2701,-197,-5.75,-30.01,NA,-8.82,-10.11,1.68,1,0,410
228,Vicenza,1516,16,1869,89,5.25,7.66,91.27,8.39,6.46,0,1,0,1504
229,Bologna,1503,9,843,55,15.89,56.46,41.14,NA,8.91,NA,1,0,138
230,Venezia,1501,4,744,6,10.39,32.3,7.12,NA,5.1,6.97,1,0,-13
231,Verona,1500,13,1062,2,2.62,0.85,6.48,NA,1.81,NA,0.87,0.13,209
232,Milano,1500,13,4762,3,-4.42,0.85,-1.46,-6.31,-13.63,6.1,0.65,0.35,855
233,Torino,1493,38,3266,-475,-10.6,NA,NA,NA,-22.79,-2.59,0.78,0.22,186
234,Alessandria,1480,14,1936,27,3.04,2.46,45.36,4.73,3.92,0.13,0.79,0.21,1351
235,Alessandria,1460,22,1101,182,26.22,46.41,63.22,NA,19.62,NA,0.65,0.35,362
236,Vicenza,1451,7,807,17,6.02,6.25,34.27,10.71,3.31,0.68,0.91,0.09,-144
237,Vicenza,1450,6,352,-3,1.74,-5.01,-51.36,NA,0.42,NA,0.81,0.19,75
238,Vicenza,1427,9,516,1,3.22,0.68,4.99,NA,1.15,NA,0.85,0.15,247
239,Alessandria,1427,2,1209,80,9.87,19.67,66.75,26.03,8.36,0,0.94,0.06,400
240,Milano,1424,11,1708,-890,-50.72,NA,NA,NA,NA,0,1,0,-841
241,Alessandria,1406,24,878,-10,2.04,-9.74,-55.29,NA,1.27,NA,0.81,0.19,91
242,Alessandria,1403,7,324,-74,-22.11,-49.12,NA,NA,-4.96,NA,1,0,45
243,Vicenza,1402,5,1368,11,2.08,7.61,40.36,3.13,2.02,3.57,0.37,0.63,473
244,Vicenza,1396,7,268,5,7.48,30.65,24.03,NA,1.44,0,1,0,19
245,Alessandria,1395,18,3622,-450,-4.2,NA,NA,-6.28,-10.16,-61.03,0.79,0.21,58
246,Vicenza,1389,6,360,6,8.15,6.11,19.17,19.84,2.09,0.61,1,0,41
247,Bergamo,1378,NA,2206,-1002,-40.56,-56.44,NA,NA,NA,0.16,0.67,0.33,1739
248,Vicenza,1371,17,1261,2,2.79,0.72,4.5,4.13,2.55,2.87,0.54,0.46,298
249,Milano,1365,0,579,12,7.95,17.49,26.07,13.6,3.33,3.62,0.89,0.11,60
250,Vicenza,1363,7,1480,36,6.1,6.95,40.27,9.46,5.26,0.82,0.96,0.04,353
251,Alessandria,1362,31,926,226,30.06,47.96,81.24,NA,20.35,0,1,0,523
252,Milano,1361,7,1363,215,22.31,19.6,70.83,27.67,22.27,0,1,0,1077
253,Milano,1358,10,1030,269,37.06,42.29,70.56,NA,28.02,0.1,0.83,0.17,538
254,Vicenza,1357,8,1701,2,0.86,0.15,10.32,NA,1.01,NA,0.62,0.38,963
255,Vicenza,1346,26,2092,-305,-10.27,NA,NA,-23.61,-15.84,6.6,0.92,0.08,349
256,Milano,1343,11,1965,205,14.47,11.99,72.18,16.61,21.08,0,1,0,1794
257,Padova,1317,3,1060,3,-13.68,2.91,-2.06,-23.58,-10.94,4.21,1,0,101
258,Vicenza,1317,25,905,-1996,-173.95,NA,NA,NA,NA,-0.58,1,0,-1552
259,Vicenza,1312,11,724,39,8.33,24.91,63.94,NA,4.59,NA,1,0,81
260,Vicenza,1290,13,926,11,3.39,7.08,35.93,NA,2.42,NA,1,0,39
261,Alessandria,1284,26,1216,17,5.36,2.29,25.53,NA,5.07,NA,0.91,0.09,520
262,Cremona,1276,NA,338,-806,-232.42,NA,NA,NA,NA,-0.25,1,0,-806
263,Alessandria,1275,NA,3002,-221,-1.13,NA,NA,-3.09,-2.49,23.92,0.93,0.07,218
264,Rimini,1272,12,1177,6,8.77,4.65,5.44,11.99,8.09,6.13,0.77,0.23,284
265,Alessandria,1263,12,1126,-1105,-93.88,NA,NA,NA,NA,-0.35,0.78,0.22,-433
266,Alessandria,1258,5,1226,71,11.31,10.33,51.41,17.48,10.81,0.15,1,0,799
267,Vicenza,1256,0,1494,15,1.28,1.26,78.7,NA,1.49,NA,1,0,392
268,Venezia,1254,15,6019,3,0.32,0.05,13.41,0.34,1.51,0,1,0,879
269,Vicenza,1251,6,1647,6,3.93,2.56,9.04,NA,5.08,NA,0.8,0.2,534
270,Milano,1247,12,1991,-767,-30.67,NA,NA,NA,-48.41,-1.03,1,0,-316
271,Vicenza,1245,12,1607,1,2.65,27.23,1.3,8.5,3.4,242.25,0.77,0.23,379
272,Venezia,1244,3,1901,16,2.01,1.18,42.49,NA,3.08,NA,1,0,1372
273,Vicenza,1241,15,978,-42,-2.68,-19.16,NA,-4.8,-2.11,1.51,0.74,0.26,404
274,Vicenza,1220,6,610,10,3.52,10.42,44.34,6.34,1.75,2.22,0.96,0.04,-36
275,Varese,1207,6,1306,108,12.63,12.97,65.17,NA,13.54,NA,0.76,0.24,948
276,Vicenza,1201,9,1739,15,1.45,1.09,59.17,1.67,2.09,0.1,0.75,0.25,482
277,Torino,1200,NA,2033,87,4.83,21.15,88.22,6.73,8.19,1.88,0.89,0.11,390
278,Vicenza,1195,10,622,-5,10.19,-7.58,-7.95,17.29,5.26,4.52,0.88,0.12,41
279,Milano,1183,1,553,11,2.11,7.64,91.59,4.21,0.99,0,0.67,0.33,272
280,Vicenza,1168,18,1649,13,2.73,6.98,28.99,4.23,3.74,4.69,0.74,0.26,-86
281,Bergamo,1160,17,1258,-84,-0.03,NA,NA,NA,-0.03,NA,0.76,0.24,174
282,Verona,1151,2,799,23,5.87,4.33,48.56,8.29,4.07,0,0.85,0.15,479
283,Alessandria,1149,13,2521,-79,2.47,-11.33,-126.05,3.97,5.41,1.27,0.68,0.32,826
284,Alessandria,1143,3,548,5,6.15,16.5,13.4,NA,2.9,NA,0.85,0.15,55
285,Alessandria,1142,12,5678,-368,-4.47,-17.36,NA,-6.4,-22.25,0.87,0.55,0.45,3767
286,Alessandria,1138,9,1193,1,8.85,0.7,1.02,18.75,9.28,2.67,0.89,0.11,285
287,Alessandria,1135,12,999,49,9.38,83.08,52.44,NA,8.17,2.68,1,0,22
288,Milano,1129,12,926,23,6.88,16.86,36.41,NA,5.64,0.44,0.93,0.07,400
289,Vicenza,1127,2,333,217,104.85,102.49,62.19,NA,NA,NA,1,0,202
290,Milano,1125,8,1462,-85,-2.6,NA,NA,-4.96,-3.36,14.08,0.68,0.32,637
291,Vicenza,1119,12,1532,7,-11.63,1.7,-3.93,-19.86,-15.68,1.18,1,0,-250
292,Vicenza,1115,NA,1775,2,5.26,0.55,2.47,NA,7.96,NA,0.87,0.13,-251
293,Milano,1113,9,1055,8,0.98,2.56,73.12,NA,0.92,NA,0.83,0.17,503
294,Milano,1109,10,618,46,19.41,63.25,38.11,NA,10.81,1.24,1,0,158
295,Vicenza,1102,15,1331,1,0.87,0.24,12.72,1.88,1.05,0,1,0,1013
296,Vicenza,1097,NA,346,-37,-5.98,-96.99,NA,-10.95,-1.88,4.01,1,0,6
297,Vicenza,1079,17,1456,46,5.16,8.99,60.9,8.23,6.96,0.35,0.5,0.5,989
298,Torino,1079,12,774,123,24.03,25.16,66.05,NA,17.21,NA,0.95,0.05,419
299,Cremona,1078,5,549,76,20.38,24.93,67.6,NA,10.38,NA,1,0,294
300,Padova,1077,18,1590,-1918,-115.6,NA,NA,NA,NA,-0.66,0.79,0.21,-1965
301,Alessandria,1075,17,751,11,4.43,15.72,32.19,NA,3.08,NA,1,0,39
302,Vicenza,1063,3,1046,-85,-5.22,-115.52,NA,-11.09,-5.07,5.71,0.79,0.21,238
303,Vicenza,1061,5,864,29,7.8,6.25,43.44,NA,6.32,NA,0.51,0.49,421
304,Vicenza,1049,10,870,-1,-0.01,-0.32,NA,-0.02,-0.01,0,1,0,534
305,Alessandria,1045,4,2625,10,2.57,1.86,14.08,3.27,6.44,3.04,0.56,0.44,866
306,Milano,1044,NA,532,4,1.91,3.53,43.65,NA,0.97,NA,0.98,0.02,80
307,Vicenza,1044,2,633,-98,-10.5,-86.33,NA,-29.73,-6.31,0.88,0.89,0.11,131
308,Vicenza,1040,11,1311,52,8.74,10.99,45.25,11.74,10.97,1.07,1,0,-682
309,Vicenza,1038,6,1428,-134,-9.02,NA,NA,NA,-12.4,0,0.99,0.01,-200
310,Milano,1037,4,276,6,8.75,14.66,24.28,NA,2.25,NA,1,0,38
311,Vicenza,1037,18,610,111,24.64,91.71,73.58,NA,13.45,NA,1,0,61
312,Milano,1032,4,983,-29,-1.83,NA,NA,-3.09,-1.74,9.55,0.51,0.49,355
313,Alessandria,1029,19,779,38,11.26,29.55,42.79,17.3,8.5,2.99,0.76,0.24,-8
314,Padova,1024,15,742,-32,-3.13,-63.19,NA,-6.58,-2.26,5.98,0.63,0.37,195
315,Alessandria,1023,5,1157,5,4.34,2.21,9.67,8.14,4.82,1.53,0.65,0.35,580
316,Vicenza,1020,4,332,4,4.18,3.27,29.63,NA,1.35,NA,0.81,0.19,139
317,Padova,1019,8,1172,-1,0.59,-1.96,-14.75,13.01,0.67,0.02,0.91,0.09,167
318,Milano,1015,16,1696,-61,3.15,NA,-114.37,NA,5.27,0,0.7,0.3,282
319,Vicenza,1004,0,155,19,21.62,56.78,56.28,NA,3.33,0,0.87,0.13,46
320,Padova,1004,4,7123,-9,0.85,-0.25,-15.27,1.05,6.04,0.56,0.4,0.6,-939
321,Alessandria,1001,14,528,31,16.35,39.4,35.84,NA,8.6,NA,1,0,344
322,Alessandria,997,10,1304,-169,-12.99,-125.36,NA,-18.57,-16.99,0,0.33,0.67,742
323,Pavia,996,1,933,6,1,4.33,63.33,NA,0.93,NA,1,0,85
324,Alessandria,995,9,1414,14,4.22,3.03,22.72,NA,5.91,NA,0.74,0.26,730
325,Alessandria,983,15,841,13,3.42,2.93,45.46,5.61,2.88,0.15,0.61,0.39,368
326,Alessandria,980,5,1106,76,11.59,10.64,59.49,16.79,13.06,0.06,1,0,711
327,Como,976,3,3008,1,4.55,0.15,0.84,7.33,13.39,1.38,0.57,0.43,409
328,Alessandria,967,11,1547,0,1.65,-1.83,0.35,17.62,2.51,-30.41,1,0,40
329,Vicenza,963,13,691,-52,-3.23,-17.42,NA,NA,-2.31,NA,0.96,0.04,373
330,Padova,957,4,1315,34,5.72,3.37,44.96,7.5,7.85,0,1,0,1128
331,Vicenza,956,3,462,23,8.15,20.39,62.28,24.77,3.92,0,0.89,0.11,149
332,Venezia,955,3,536,11,3.96,27.26,51.01,NA,2.22,0.04,1,0,38
333,Parma,954,0,1023,29,4.47,22.03,64.31,4.73,4.79,0.69,0.94,0.06,180
334,Vicenza,952,4,1467,9,1.99,24.59,29.17,5.5,2.93,14.16,0.94,0.06,242
335,Vicenza,949,9,627,-40,-6.14,NA,NA,-21.53,-4.05,23.56,0.82,0.18,76
336,Padova,947,8,831,34,7.11,64.14,57.72,19.92,6.18,4.58,0.81,0.19,131
337,Vicenza,944,4,541,22,5.72,9.24,72.29,NA,3.28,NA,0.67,0.33,343
338,Varese,939,9,2622,-429,-18.67,NA,NA,-22.78,NA,9.07,0.85,0.15,-318
339,Vicenza,936,14,1521,-14,10.06,-4.68,-9.19,16.44,16.2,2.07,0.68,0.32,590
340,Vicenza,930,2,931,-72,-1.02,NA,NA,-1.53,-1.02,36.74,0.78,0.22,174
341,Alessandria,929,14,1126,80,10.24,9.47,69.18,13.63,12.38,0,1,0,785
342,Vicenza,924,2,495,-29,-5.07,-21.58,NA,-12.06,-2.71,0.53,1,0,102
343,Alessandria,912,7,1053,-8,1.38,-45.25,-55.24,7.57,1.59,9.82,1,0,-1
344,Vicenza,901,7,889,21,6.09,21.42,39.49,NA,5.77,NA,0.55,0.45,-166
345,Bologna,898,2,315,2,0.88,29.99,60.94,2.86,0.31,0,1,0,12
346,Vicenza,895,9,1057,-49,-4.76,NA,NA,-19.6,-5.58,23.23,0.93,0.07,-81
347,Vicenza,889,3,315,21,9.91,21.62,67.39,20.82,3.51,0.54,0.78,0.22,83
348,Bologna,886,5,939,0,2.27,0.12,0.6,6.61,2.41,1.96,1,0,303
349,Monza e della Brianza,882,12,695,131,27.86,42.88,67.52,NA,21.94,0.34,0.66,0.34,85
350,Vicenza,881,9,318,-7,2.99,-13.31,-77.22,17.24,1.08,0,1,0,209
351,Milano,875,6,732,112,23.17,39.96,65.85,NA,19.39,0.09,1,0,311
352,Alessandria,870,9,2386,-31,0.77,NA,-169.41,1.53,2.05,-81.6,0.52,0.48,796
353,Alessandria,870,0,76,7,13.92,11.97,70.76,NA,1.22,NA,1,0,57
354,Milano,869,NA,1257,-79,-5.03,NA,NA,NA,-7.05,NA,1,0,-107
355,Vicenza,867,6,438,14,7.84,22.75,39.68,20.85,3.96,1.75,1,0,51
356,Vicenza,865,13,351,-119,-32.27,NA,NA,NA,-13.06,133.04,1,0,56
357,Bergamo,863,4,934,0,3.31,0.43,0.92,6.57,3.37,4.39,0.76,0.24,216
358,Alessandria,861,7,1286,74,8.92,7.47,64.77,NA,12.83,NA,1,0,916
359,Vicenza,860,8,575,3,2.62,2.24,22.72,8.7,1.74,0,1,0,46
360,Vicenza,860,11,1447,5,2.42,5.06,13.04,8.19,3.98,3.74,0.86,0.14,134
361,Alessandria,858,18,2175,14,2.98,2.48,22,5.52,7.54,1.04,0.91,0.09,1010
362,Milano,856,2,8125,48,3.13,2.56,18.66,3.7,29.02,1.75,0.71,0.29,3343
363,Alessandria,853,2,667,17,7.02,7.3,36.7,NA,5.47,NA,0.88,0.12,300
364,Vicenza,852,1,1221,9,2.47,1.08,30.8,3.38,3.53,0.04,1,0,853
365,Vicenza,850,5,2028,-41,-2.36,-6.74,NA,NA,-5.62,NA,1,0,430
366,Vicenza,841,14,1146,-458,-79.62,NA,NA,NA,NA,-1.51,1,0,-319
367,Alessandria,838,12,572,1,5.86,1.6,2.55,12.33,3.94,4.08,0.64,0.36,68
368,Alessandria,826,19,810,87,12.6,29.98,85.59,27.7,12.35,0.26,0.74,0.26,456
369,Vicenza,817,9,850,119,20.98,25.44,66.98,NA,21.48,0.1,0.82,0.18,651
370,Forlì-Cesena,808,13,560,78,21.54,81.15,64.65,NA,14.91,NA,1,0,218
371,Milano,804,14,1310,-775,-58.32,NA,NA,NA,NA,1.67,1,0,19
372,Vicenza,804,6,746,117,18.71,30.47,83.89,23.01,16.81,0.56,0.82,0.18,30
373,Alessandria,798,7,2095,478,28.28,99.02,80.67,NA,29.11,1.3,0.95,0.05,-91
374,Reggio nell'Emilia,789,1,301,29,20.33,54.14,46.62,NA,7.75,2.77,0.88,0.12,57
375,Bologna,788,11,1146,-80,-10.25,-14.85,NA,-20.59,-14.53,0.06,1,0,760
376,Vicenza,771,10,572,12,7.57,6.47,28.71,11.44,5.62,0.25,0.59,0.41,189
377,Vicenza,769,2,582,19,5.42,16.96,59.6,7.76,4.1,0,0.33,0.67,392
378,Alessandria,770,10,1287,60,6.47,5.89,72.26,8.15,10.75,0,1,0,1185
379,Vicenza,762,12,421,16,7.34,32.5,51.17,18.51,4.05,2.43,1,0,78
380,Alessandria,762,7,973,26,4.38,3.25,60.2,5.14,5.46,0,0.64,0.36,625
381,Milano,762,7,1680,-161,6.51,NA,-147.75,-9.72,9.15,0,0.79,0.21,-771
382,Alessandria,754,6,1255,3,4.62,1.28,4.35,29.43,7.67,0,1,0,97
383,Brescia,752,12,778,-16,-0.1,-16.56,NA,-0.18,-0.11,2.9,0.61,0.39,346
384,Vicenza,750,10,1098,-345,-29.76,NA,NA,NA,-43.15,NA,0.75,0.25,-444
385,Milano,748,10,658,-19,1.3,NA,-220.39,NA,1.13,0,1,0,-44
386,Alessandria,745,4,275,13,10.78,6.54,42.32,14.21,3.98,0.09,0.63,0.37,202
387,Alessandria,742,8,663,37,12.04,33.42,45.89,20.11,10.73,2.62,0.58,0.42,330
388,Alessandria,736,5,642,97,18.09,32.67,83.08,27.84,15.73,0.41,0.83,0.17,326
389,Alessandria,736,3,1653,54,3.72,6.67,88.31,4.42,8.12,0.14,0.28,0.72,1407
390,Vicenza,733,4,288,-2,1.84,-1.2,-32.52,2.47,0.72,0,0.46,0.54,111
391,Vicenza,733,10,1519,-944,-55.07,NA,NA,NA,NA,NA,0.8,0.2,-635
392,Rimini,725,5,1637,-54,0.07,-41.35,NA,0.16,0.16,2.61,1,0,181
393,Alessandria,725,9,1368,-178,-10.79,-131.79,NA,-17.01,-20.32,5.43,0.46,0.54,857
394,Varese,725,8,685,91,19.69,18.09,67.42,NA,18.6,NA,0.97,0.03,424
395,Vicenza,720,10,497,2,0.9,0.93,48.85,1.71,0.6,0,1,0,164
396,Vicenza,718,5,359,-20,-2.01,NA,NA,-2.38,-1,35.77,1,0,-2
397,Milano,718,6,474,87,21.62,49.59,84.45,NA,14.27,0.03,1,0,324
398,Vicenza,712,11,550,-1,3.82,-5.53,-4.51,14.37,2.93,7.53,0.79,0.21,92
399,Vicenza,711,7,404,-12,5.28,-15.7,-55.81,10.4,2.98,1.71,0.58,0.42,190
400,Vicenza,709,17,2921,54,3.86,2.93,47.69,4.79,14.22,0.19,0.81,0.19,499
401,Milano,708,12,457,9,5.63,17.76,36.17,11.81,3.6,3.16,0.76,0.24,72
402,Vicenza,708,3,295,1,3.55,2.45,7.08,NA,1.48,0,1,0,22
403,Vicenza,702,9,497,-109,-22.91,NA,NA,-29.06,-13.08,0,1,0,31
404,Alessandria,702,1,299,-258,-82.27,NA,NA,NA,-34.98,0,1,0,100
405,Vicenza,701,7,475,13,3.77,17.29,71.17,24.29,2.55,0,0.71,0.29,179
406,Vicenza,701,9,803,0,2.07,-0.63,-2.41,3.41,2.33,3.51,0.51,0.49,432
407,Varese,697,2,253,-2,1.34,-9.61,-72.56,NA,0.47,NA,0.74,0.26,82
408,Vicenza,694,121,17092,-3934,-9.34,NA,NA,NA,NA,0,0.88,0.12,-9640
409,Como,688,10,607,6,1.79,1.56,50.73,3.04,1.57,0,0.97,0.03,429
410,Alessandria,684,12,254,16,13.66,44.05,45.31,20.73,5.05,3.69,0.73,0.27,43
411,Alessandria,680,13,279,35,21.79,32.47,57.18,NA,8.92,0.01,1,0,171
412,Alessandria,677,12,641,81,19.23,20.01,65.89,NA,18.2,0,1,0,483
413,Milano,676,8,131,-106,-67.41,NA,NA,NA,-12.93,-0.87,1,0,-27
414,Ravenna,666,0,431,8,4.09,2.6,43.64,NA,2.63,NA,1,0,249
415,Vicenza,659,13,1159,0,1.67,0.02,0.27,NA,2,NA,0.7,0.3,579
416,Torino,653,4,481,111,34.16,39.85,67.55,NA,25.08,0,1,0,338
417,Vicenza,650,5,537,-83,-10.91,NA,NA,NA,-9.02,-5.45,1,0,-95
418,Vicenza,650,0,1465,10,4.15,8.83,16.97,7.75,9.35,5.31,0.48,0.52,901
419,Alessandria,648,7,447,29,12.19,19.29,53.21,16.7,8.41,1.17,0.74,0.26,78
420,Alessandria,646,17,2792,-428,-12.48,-54.61,NA,-16.74,NA,0.27,0.3,0.7,1783
421,Alessandria,646,3,896,19,3.53,2.76,59.67,4.55,4.86,0.02,1,0,782
422,Alessandria,642,7,1202,4,1.82,0.46,16.83,2.14,3.36,0.27,0.93,0.07,910
423,Milano,636,6,963,2,2.33,0.57,6.92,3.73,3.31,1.02,0.88,0.12,373
424,Vicenza,635,14,6572,-459,-6.83,-22.42,NA,-7.57,NA,0.07,0.07,0.93,5088
425,Genova,635,NA,395,-270,-62.47,NA,NA,NA,-38.78,NA,1,0,-249
426,Milano,635,6,807,10,4.93,4.68,24.11,NA,6.24,NA,0.68,0.32,410
427,Alessandria,633,NA,619,-179,-25.65,NA,NA,NA,-25.08,1.32,1,0,188
428,Milano,631,5,1159,2,-0.9,0.59,-18.49,-1.5,-1.61,0,1,0,519
429,Vicenza,630,10,523,1,8.7,8.4,2.99,18.76,7.21,13.96,0.87,0.13,36
430,Padova,627,5,1515,66,4.16,8.83,104.92,NA,9.98,NA,1,0,743
431,Milano,626,0,545,2,2.26,2.02,12.46,6.19,1.9,1.5,1,0,58
432,Rimini,623,10,640,-72,-10.73,-20.06,NA,-19.03,-11,0,1,0,569
433,Vicenza,617,2,888,-72,-9.7,-21.4,NA,-13.47,-12.13,0,0.3,0.7,457
434,Milano,611,0,1103,78,10.64,26.42,66.48,11.21,19.21,0,1,0,-415
435,Varese,609,NA,3148,-2002,-68.6,NA,NA,NA,NA,-1.8,0.42,0.58,775
436,Rimini,605,5,299,6,4.03,21.3,49.49,NA,1.85,NA,1,0,74
437,Vicenza,605,13,541,23,10.91,16.6,38.52,20.23,9.58,1.04,0.95,0.05,224
438,Alessandria,600,5,2390,-226,-6.98,-49.07,NA,NA,-27.7,NA,0.77,0.23,691
439,Alessandria,594,7,1098,-64,-5.7,-7.68,NA,-7.56,-10.39,0,1,0,962
440,Alessandria,594,15,663,-18,-2.07,-9.1,NA,-4.53,-2.31,0.28,0.8,0.2,241
441,Milano,590,1,332,156,65.83,92.88,71.49,NA,NA,NA,1,0,171
442,Vicenza,588,7,1119,-2,-0.2,-0.9,NA,-0.26,-0.37,0.01,1,0,369
443,Varese,585,0,1440,-544,-34.02,NA,NA,NA,NA,NA,0.78,0.22,91
444,Alessandria,581,1,1181,2,4.42,0.42,3.57,5.94,8.98,0.96,1,0,437
445,Padova,576,5,1379,-181,-10.02,NA,NA,-14.63,-23.94,8.49,0.69,0.31,-3
446,Vicenza,575,2,1059,-248,-33.37,NA,NA,NA,NA,0,0.85,0.15,-169
447,Alessandria,574,7,259,-172,-62.67,-69.73,NA,NA,-27.78,0,1,0,238
448,Bergamo,568,11,1555,-30,-0.98,-7.25,NA,-1.58,-2.68,1.31,0.86,0.14,-23
449,Vicenza,566,5,376,0,3.69,0.26,1.25,6.65,2.43,2.19,0.66,0.34,151
450,Alessandria,564,12,298,-13,-1.63,-14.17,NA,-2.96,-0.85,0.78,0.85,0.15,56
451,Milano,562,0,221,-36,-15.59,NA,NA,NA,-6.14,-0.1,1,0,-67
452,Vicenza,561,13,148,10,-28.37,14.45,-23.46,-28.41,-7.18,0,0.21,0.79,119
453,Vicenza,557,2,182,40,33.07,36.53,66.3,NA,10.8,NA,1,0,117
454,Vicenza,555,5,845,8,2.19,2.29,41.13,NA,3.28,NA,0.28,0.72,696
455,Vicenza,555,14,568,-21,5.14,-10.48,-70.4,8.15,5.25,0.83,0.53,0.47,331
456,Verona,554,3,660,5,3.84,6.79,18.21,NA,4.4,NA,0.97,0.03,47
457,Vicenza,552,0,503,20,4.84,5.33,83.36,5.92,4.41,0.08,1,0,388
458,Padova,551,0,48,-49,-153.97,NA,NA,NA,-13.46,0,1,0,-33
459,Torino,547,10,609,59,9.11,15.64,106.64,NA,9.97,NA,1,0,453
460,Vicenza,546,7,370,105,42.75,54.03,66.62,NA,28.98,0,1,0,247
461,Vicenza,545,6,421,-615,-132.56,NA,NA,NA,NA,-0.21,0.98,0.02,-454
462,Venezia,542,6,356,1,5.42,2.38,3.93,10.86,3.55,4.58,0.85,0.15,-51
463,Alessandria,540,12,416,-121,-7.45,NA,NA,NA,-5.74,0,1,0,-80
464,Alessandria,537,15,844,-58,-3.44,-49.49,NA,-6.92,-5.38,1.52,0.8,0.2,142
465,Vicenza,536,8,277,-416,-141.25,NA,NA,NA,NA,NA,0.95,0.05,-389
466,Vicenza,528,19,395,-277,-69.8,NA,NA,NA,NA,-0.3,1,0,-74
467,Vicenza,527,8,364,-8,14.24,-3.96,-15.36,19.69,9.11,0.31,0.82,0.18,235
468,Vicenza,526,2,598,27,7.92,9.41,56.23,11.64,9,0.08,1,0,276
469,Bergamo,525,NA,265,26,10.62,63.57,91.98,NA,5.35,NA,0.96,0.04,38
470,Vicenza,524,1,407,87,22.1,24.22,96.31,25.15,17.12,0,1,0,388
471,Alessandria,523,11,766,39,9.07,15.05,55.56,10.61,13.21,1.55,0.68,0.32,-108
472,Milano,520,2,928,9,2.18,1.41,43.87,NA,3.88,NA,0.34,0.66,305
473,Alessandria,519,3,1149,3,-11.18,1.02,-2.08,-18.74,-24.4,1.61,0.88,0.12,307
474,Alessandria,518,5,562,-622,-102.71,NA,NA,NA,NA,-0.98,0.83,0.17,-549
475,Alessandria,513,12,863,-308,-31.36,NA,NA,NA,NA,-0.95,0.94,0.06,-392
476,Vicenza,509,NA,148,-46,-6.74,NA,NA,-25.9,-1.96,0,0.5,0.5,35
477,Milano,507,3,334,18,8.95,18.42,59.23,14.73,5.86,0.85,0.88,0.12,134
478,Milano,507,8,406,0,11.82,1.27,0.73,NA,9.2,1.28,1,0,105
479,Bergamo,505,4,920,6,2.9,2.4,23.29,NA,4.75,NA,0.9,0.1,4
480,Alessandria,504,2,491,27,8.51,13.66,64.08,11.13,8.16,0.4,0.38,0.62,178
481,Vicenza,503,7,936,1,2.2,0.51,3.73,4.6,4.04,1.6,0.82,0.18,90
482,Alessandria,503,11,296,-3,2.23,-14.37,-45.07,15.56,1.31,1.05,1,0,52
483,Alessandria,502,2,1407,1,3.13,0.16,2.98,NA,8.39,NA,0.44,0.56,1111
484,Vicenza,502,9,472,18,6.46,13.71,58.9,NA,5.86,NA,1,0,212
485,Bergamo,502,4,759,-24,3.04,NA,-104.87,5.99,4.59,26.16,0.85,0.15,-32
486,Vicenza,501,7,735,3,-6.17,4.43,-7.24,-10.85,-8.94,3.48,0.76,0.24,174
487,Milano,500,4,384,9,8.56,10.19,27.36,NA,6.51,0,1,0,176
488,Alessandria,497,19,1597,-123,-7.3,-18.64,NA,NA,-22.46,NA,0.87,0.13,916
489,Vicenza,495,4,588,6,2.07,2.26,52.55,3.33,2.28,0.08,1,0,-5
490,Vicenza,494,0,188,-23,-5.57,-16.36,NA,-7.54,-2.01,0,1,0,90
491,Alessandria,493,NA,994,-18,-0.44,-2.92,NA,-0.52,-0.69,0.38,0.49,0.51,633
492,Alessandria,490,6,751,10,3.91,40.82,32.67,25.67,5.99,3.87,1,0,19
493,Alessandria,490,3,463,-361,-61.83,NA,NA,NA,NA,0.08,0.98,0.02,107
494,Milano,490,10,1883,-35,0.32,-30.54,NA,0.89,1.22,4.79,0.74,0.26,875
495,Alessandria,486,9,1606,-2260,-136.33,NA,NA,NA,NA,-0.4,0.97,0.03,-1138
496,Vicenza,485,NA,406,-8,7.66,-27.69,-25.36,NA,6.38,NA,0.95,0.05,-82
497,Vicenza,484,1,421,0,-0.08,-0.11,NA,NA,-0.07,NA,0.44,0.56,321
498,Bologna,484,7,724,-473,-63.16,NA,NA,NA,NA,-0.47,0.98,0.02,-931
499,Alessandria,483,5,1058,-714,-60.57,NA,NA,NA,NA,NA,0.98,0.02,-546
500,Milano,483,5,281,-132,-45.94,NA,NA,NA,-26.72,NA,1,0,-32
501,Vicenza,479,5,103,-15,-2.26,-23.24,NA,-3.51,-0.48,0.07,1,0,22
502,Vicenza,479,6,424,6,2.62,4.59,51.52,NA,2.31,NA,0.56,0.44,308
503,Vicenza,474,5,583,17,7.78,20.14,38.23,NA,9.54,NA,0.5,0.5,235
504,Vicenza,470,3,419,55,22.14,20.69,59.69,NA,19.72,NA,1,0,232
505,Vicenza,470,5,260,2,7.61,2.87,7.81,NA,4.21,NA,0.91,0.09,83
506,Alessandria,468,14,310,-34,-9.48,-139.49,NA,NA,-6.26,NA,0.52,0.48,106
507,Alessandria,467,4,250,60,37.24,57.68,64.06,NA,19.84,NA,0.7,0.3,138
508,Padova,463,6,402,7,3.61,11.16,47.38,6.22,3.11,2.79,0.49,0.51,69
509,Alessandria,461,7,821,-128,-9.57,-19.41,NA,NA,-17.04,NA,1,0,678
510,Alessandria,461,NA,1122,-219,-21.92,NA,NA,NA,NA,-0.91,0.83,0.17,-771
511,Alessandria,456,7,279,14,8.17,29.57,59.97,NA,4.98,0.27,0.94,0.06,30
512,Gorizia,450,1,1251,2,3.19,0.56,5.21,3.84,8.73,1.24,0.54,0.46,714
513,Vicenza,448,6,334,7,3.29,2.66,62.6,4.26,2.46,0,1,0,276
514,Milano,444,2,479,6,2.3,2.83,55.96,3.66,2.48,0,1,0,234
515,Alessandria,438,3,449,7,4.69,1.91,34.97,5.38,4.74,0.02,1,0,404
516,Padova,435,10,438,18,6.08,24.95,66.68,10.95,5.99,2.42,0.5,0.5,111
517,Milano,434,5,395,-210,-52.44,NA,NA,NA,-46.98,-0.73,1,0,-231
518,Vicenza,433,NA,231,-10,-2.25,-10.71,NA,-3.16,-1.19,0.85,0.77,0.23,-30
519,Vicenza,431,8,215,20,12.1,60.78,78.67,26.95,5.68,1.04,0.84,0.16,-1
520,Vicenza,431,NA,667,-64,-3.46,NA,NA,-10.14,-5.2,-5.28,0.98,0.02,34
521,Alessandria,428,NA,325,-293,-96.26,NA,NA,NA,NA,-0.34,0.95,0.05,-701
522,Venezia,424,5,440,6,6.52,2.83,20.24,12.57,6.77,0.11,0.98,0.02,278
523,Milano,423,7,337,-28,-5.38,NA,NA,-26.64,-4.28,4.81,0.89,0.11,127
524,Alessandria,422,3,290,9,11.27,6.15,28.48,NA,7.08,NA,1,0,107
525,Milano,421,3,586,2,1.16,0.77,31.32,2.27,1.57,0.09,0.61,0.39,82
526,Vicenza,420,8,617,-97,-13.88,-39.47,NA,NA,-20.24,NA,0.54,0.46,416
527,Vicenza,417,2,117,2,0.54,9.38,361.11,1.39,0.14,0,1,0,-50
528,Milano,416,1,249,-2,1.18,-15.39,-75.24,12.72,0.7,0.61,1,0,7
529,Alessandria,406,3,1371,-10,0.01,-0.88,NA,0.01,0.04,0,0.99,0.01,1050
530,Vicenza,405,2,855,36,7.11,7.66,59.4,12.89,14.33,0,1,0,529
531,Vicenza,404,3,187,6,5.46,5.63,56.83,NA,2.51,NA,1,0,107
532,Alessandria,403,1,429,-327,-76.42,-78.39,NA,NA,NA,0,1,0,207
533,Milano,398,2,1148,-154,-16.99,-20.92,NA,-26.29,-48.44,0,1,0,443
534,Vicenza,398,10,240,-64,-22.2,NA,NA,NA,-13.35,-1.24,1,0,-100
535,Alessandria,398,5,1228,-32,0.68,-11.63,-388.4,0.77,1.78,2.64,0.69,0.31,609
536,Alessandria,398,0,1185,-29,1.87,-3.82,-130.08,2.12,5.51,0.38,0.32,0.68,906
537,Vicenza,397,7,503,12,5.28,5.31,43.67,11.55,6.63,0.05,0.99,0.01,250
538,Vicenza,397,4,340,9,6.8,4.04,38.95,7.95,5.82,0.31,0.67,0.33,152
539,Torino,395,0,1266,-375,-27.75,NA,NA,NA,NA,-3.96,0.4,0.6,-167
540,Vicenza,392,4,1553,1,0.14,2.13,36.55,0.17,0.57,33.85,0.81,0.19,165
541,Vicenza,391,6,222,13,13.51,37.64,44.4,NA,7.51,1.16,0.98,0.02,51
542,Vicenza,390,4,352,10,8.65,6.47,31.54,14.23,7.67,0.44,1,0,200
543,Vicenza,388,3,446,9,4.09,4.73,47.13,NA,4.64,NA,0.11,0.89,413
544,Vicenza,386,2,388,91,25.05,25.23,93.57,NA,23.04,NA,0,1,372
545,Verona,385,4,273,6,2.55,8.38,84.31,9.93,1.81,0,0.98,0.02,210
546,Vicenza,385,1,124,2,4.42,4.31,45,NA,1.42,NA,1,0,92
547,Vicenza,382,NA,212,4,13.89,20.33,13.82,NA,7.72,NA,0.82,0.18,32
548,Torino,380,2,467,-14,-1.53,-11.72,NA,NA,-1.84,NA,0.52,0.48,155
549,Bergamo,378,5,139,-378,-230.92,NA,NA,NA,NA,-0.05,1,0,-510
550,Alessandria,377,5,692,-120,-13.78,-138.61,NA,-18.62,-25.25,3.61,0.81,0.19,184
551,Alessandria,375,11,3346,-424,-12.5,NA,NA,NA,NA,-1.68,0.89,0.11,-3
552,Milano,374,5,385,-38,-5.37,-40.06,NA,-22,-5.47,0,1,0,205
553,Varese,372,7,342,-4,2.94,-3.51,-43.19,4.9,2.71,0.66,0.92,0.08,112
554,Vicenza,372,6,358,4,7.66,3.92,15.79,13.91,7.38,0.4,0.81,0.19,135
555,Vicenza,371,0,175,34,20.6,25.49,93.16,26.53,9.7,0,0.84,0.16,136
556,Vicenza,366,14,425,2,2.88,1.06,16.53,NA,3.22,NA,0.76,0.24,136
557,Udine,364,6,220,4,4.34,54.51,45.15,NA,2.49,0.89,1,0,30
558,Alessandria,363,2,1296,21,4.82,14.05,34.09,5.45,16.79,1.37,0.26,0.74,933
559,Alessandria,362,4,589,1,3.57,4.7,5.92,NA,5.08,NA,0.95,0.05,52
560,Alessandria,358,3,1191,30,4.13,9.21,61.27,5.24,13.73,1.22,0.39,0.61,841
561,Vicenza,353,6,727,23,2.52,4.25,127.61,NA,5.13,NA,1,0,438
562,Vicenza,352,2,720,-53,-4.54,NA,NA,NA,-8.47,NA,0.83,0.17,-259
563,Milano,350,2,252,0,1.17,0.07,4.91,1.48,0.84,0,1,0,213
564,Padova,350,7,232,-55,-25.69,NA,NA,NA,-16.95,NA,0.85,0.15,12
565,Padova,350,0,164,-96,-10.71,NA,NA,NA,-4.99,-0.91,1,0,-89
566,Vicenza,347,8,1378,-29,0.13,-6.37,NA,0.2,0.47,0.93,0.61,0.39,424
567,Lecco,344,5,268,18,11.23,20.87,61.29,NA,8.75,NA,1,0,84
568,Vicenza,344,4,875,-3,-31.34,-4.43,NA,NA,NA,1.63,0.73,0.27,6
569,Alessandria,343,6,1452,4,0.65,0.33,42.71,NA,2.74,NA,1,0,1249
570,Alessandria,341,1,726,-20,-0.76,-20.92,NA,NA,-1.59,NA,0.15,0.85,610
571,Alessandria,340,NA,918,-25,-2.11,-5.52,NA,NA,-5.63,NA,0.57,0.43,449
572,Monza e della Brianza,339,7,242,26,17.03,27.88,62.92,26.42,12.14,0.59,0.59,0.41,75
573,Vicenza,337,3,13033,-249,-2.98,NA,NA,-8.3,NA,-1.23,1,0,-25185
574,Padova,337,7,336,3,2.35,20.58,31.79,4.2,2.15,7.14,0.98,0.02,3
575,Alessandria,337,0,1616,75,6.88,6.33,67.15,7.37,NA,0,0.25,0.75,1244
576,Alessandria,334,6,587,-103,-15.97,NA,NA,NA,-27.93,NA,1,0,42
577,Alessandria,332,6,2374,-230,-8.67,NA,NA,NA,NA,NA,0.86,0.14,500
578,Milano,330,5,360,3,6.35,5.58,12.37,20.45,6.9,1.2,0.68,0.32,114
579,Milano,330,NA,505,-695,-123.01,NA,NA,NA,NA,-0.72,0.96,0.04,-557
580,Vicenza,328,3,558,2,0.92,1.11,29.88,NA,1.49,NA,0.06,0.94,472
581,Alessandria,327,6,348,1,1.9,-1.58,20.81,NA,1.97,NA,1,0,-104
582,Milano,326,1,197,-25,-12.01,-23.7,NA,-17.74,-6.83,0.25,0.88,0.12,103
583,Alessandria,322,NA,90,-20,-5.99,NA,NA,-10.74,-1.15,48.83,1,0,-45
584,Milano,321,2,329,39,18.06,41.95,65.54,NA,17.7,NA,1,0,-51
585,Alessandria,321,6,497,-52,-6.51,-37.21,NA,-9.62,-9.96,1.39,0.86,0.14,199
586,Alessandria,320,10,667,-6,3.27,-2.34,-25.94,4.15,6.75,1.18,0.34,0.66,135
587,Alessandria,318,2,350,20,9.16,7.4,61.16,NA,10.03,NA,1,0,233
588,Milano,318,NA,347,-25,-7.03,-21.69,NA,-12.53,-7.4,0,0.38,0.62,249
589,Vicenza,315,7,87,-66,-60.22,NA,NA,NA,-16.56,-2.01,1,0,-33
590,Alessandria,313,3,441,65,22.88,22.45,64.42,NA,NA,NA,0.69,0.31,340
591,Vicenza,312,6,173,-61,-21.74,NA,NA,NA,-12.07,-1.58,0.92,0.08,-16
592,Rimini,305,5,506,-103,-16.03,NA,NA,NA,-26.57,NA,0.89,0.11,-105
593,Vicenza,304,3,389,-594,-145.63,NA,NA,NA,NA,-0.99,1,0,-480
594,Vicenza,303,6,564,4,2.73,16.6,22.96,5.42,5.02,8.03,1,0,30
595,Venezia,302,NA,348,-22,-2.37,NA,NA,-3.85,-2.67,-4.42,0.95,0.05,-57
596,Alessandria,301,5,364,-2,3.7,-1.84,-11.4,7.35,4.35,1.19,0.88,0.12,68
597,Milano,300,2,707,-403,-50.98,NA,NA,NA,NA,NA,0.7,0.3,10
598,Alessandria,300,2,894,38,3.34,10.12,126.09,3.61,9.95,0.29,0.28,0.72,729
599,Monza e della Brianza,297,NA,178,-9,2.87,NA,-182.38,8.26,1.68,-12.94,0.44,0.56,35
600,Alessandria,297,3,1639,22,1.81,21.29,74.26,6.64,8.47,3.32,1,0,-65
601,Bergamo,296,1,149,-42,-27.66,NA,NA,NA,-13.91,NA,1,0,-20
602,Alessandria,296,3,693,-103,2.5,-28.18,NA,3.1,5.84,0.53,0.78,0.22,444
603,Milano,295,2,1137,-300,-26.28,NA,NA,NA,NA,NA,0.54,0.46,-58
604,Milano,295,5,255,3,0.82,1.32,126.68,1.04,0.69,0,1,0,203
605,Trento,293,2,336,15,5.21,11.79,84.56,13.94,5.93,0,1,0,143
606,Milano,293,2,844,0,-6.88,0.92,-0.28,NA,-19.73,1.88,1,0,-26
607,Alessandria,293,0,252,-1,-0.26,-0.85,NA,-0.26,-0.22,0,0.04,0.96,240
608,Alessandria,293,NA,720,-173,-15.87,NA,NA,NA,-38.67,NA,0.67,0.33,5
609,Alessandria,289,3,305,33,17.34,56.55,61.65,NA,18.33,1.13,0.97,0.03,-35
610,Vicenza,288,1,187,12,8.59,35.32,73.62,NA,5.59,NA,0.93,0.07,23
611,Milano,287,1,459,3,2.86,2.24,22.92,4.42,4.56,1.21,1,0,51
612,Alessandria,287,4,690,-41,-1.16,NA,NA,-4.35,-1.68,12.76,0.86,0.14,86
613,Bologna,286,3,213,3,4.95,17.57,23.82,8.01,3.56,4.28,0.96,0.04,-23
614,Vicenza,285,NA,1854,-414,-21.73,NA,NA,NA,NA,NA,0.51,0.49,-698
615,Milano,285,3,97,7,26.25,9,26.63,NA,8.93,NA,1,0,70
616,Vicenza,284,4,122,7,13.09,41.15,43.86,19.09,5.6,3.03,0.78,0.22,-4
617,Alessandria,283,4,186,23,22.71,53.93,55.05,NA,14.86,NA,0.72,0.28,-1
618,Alessandria,282,2,974,-3568,-363.23,NA,NA,NA,NA,-0.79,0.7,0.3,-2112
619,Padova,282,0,495,-1,0.33,-7.23,-41.22,1.55,0.58,10.33,0.92,0.08,-4
620,Vicenza,282,7,47,-49,-59.08,NA,NA,NA,-9.24,-14.59,1,0,-1
621,Alessandria,281,2,1852,14,1.29,1.03,59.9,1.42,8.29,0.06,0.41,0.59,1554
622,Milano,281,2,414,-93,-22.54,-43.86,NA,NA,-33.15,NA,1,0,169
623,Vicenza,281,5,367,13,8.59,23,40.01,NA,11.2,NA,1,0,158
624,Vicenza,281,NA,605,9,-3.75,7.31,-41.72,-8.52,-8.05,1.06,1,0,33
625,Novara,277,0,453,6,3.51,2.47,38.24,3.92,5.69,0.22,0.46,0.54,344
626,Vicenza,273,6,397,-25,-5.78,NA,NA,NA,-8.13,NA,0.14,0.86,165
627,Bologna,272,0,197,-16,5.27,NA,-153.16,8.31,3.8,-1.19,0.66,0.34,-11
628,Vicenza,271,2,250,-10,-3.98,-67.4,NA,NA,-3.67,NA,0.8,0.2,-87
629,Vicenza,271,1,196,-7,-3.91,-48.26,NA,-13.53,-2.84,1.85,0.9,0.1,7
630,Novara,269,2,472,17,7.61,31.78,47.12,NA,13.28,NA,0.8,0.2,135
631,Bologna,269,2,592,17,4.71,5.59,60.82,NA,10.38,NA,0.73,0.27,290
632,Alessandria,268,6,269,8,8.75,6.65,36.05,18.22,8.71,0.01,1,0,224
633,Milano,268,5,2231,-393,-15.87,NA,NA,NA,NA,-2.92,0.69,0.31,-652
634,Milano,265,3,830,0,0.41,0,0.44,0.45,1.29,0,1,0,749
635,Bergamo,265,2,251,56,31.28,45.05,71.16,NA,27.16,NA,1,0,-52
636,Bergamo,265,NA,232,2,6.65,13.58,11.96,NA,5.83,NA,1,0,1
637,Milano,264,4,80,27,52.86,41.35,63.12,NA,15.2,0,1,0,61
638,Milano,264,4,977,6,2.3,2.64,25.74,2.62,7.87,2.33,0.49,0.51,321
639,Alessandria,260,1,333,10,5.11,3.81,57.92,NA,6.49,NA,0.91,0.09,252
640,Alessandria,254,1,364,12,8.44,7.57,38.58,9.06,12.01,1.17,0.38,0.62,180
641,Torino,253,5,519,2,2.31,-23.73,12.85,14.95,4.73,-13.35,0.92,0.08,-108
642,Alessandria,252,2,124,9,15.73,13.79,43.84,27.38,7.73,0.15,1,0,41
643,Verona,250,1,136,-10,-4.61,NA,NA,NA,-2.5,NA,1,0,5
644,Alessandria,246,5,704,2,4.25,1.3,7.26,NA,12.13,NA,0.2,0.8,41
645,Forlì-Cesena,245,3,216,28,18.26,28.62,71.78,NA,16.1,NA,0.6,0.4,138
646,Vicenza,243,7,150,15,13.1,47.27,77.48,NA,8.07,NA,1,0,24
647,Ravenna,242,5,235,2,1.18,10.41,57.18,NA,1.14,NA,1,0,37
648,Vicenza,241,0,215,13,8.59,42.48,67.89,NA,7.22,0.08,0.87,0.13,23
649,Alessandria,241,2,113,17,23.68,50.64,62.07,NA,11.07,NA,0.9,0.1,36
650,Treviso,241,4,188,-114,-51.61,NA,NA,NA,-37.67,-1.53,1,0,-112
651,Milano,239,6,266,0,6.2,0.42,1.11,15.97,6.91,1.38,1,0,137
652,Alessandria,236,3,248,-25,-2.4,NA,NA,-6.87,-2.52,-18.05,0.45,0.55,107
653,Treviso,236,2,347,-39,-10.61,-28.14,NA,-17.39,-14.76,0.46,1,0,189
654,Milano,233,NA,207,-2,1.5,-1.62,-52.1,3.12,1.33,0,1,0,92
655,Alessandria,230,1,1309,14,2.17,1.85,49.18,NA,12.33,NA,1,0,766
656,Vicenza,230,3,14,-551,NA,NA,NA,NA,NA,-0.04,0.98,0.02,-500
657,Vicenza,230,1,2991,-95,-3.23,-4.33,NA,-3.31,-40.63,0,0.08,0.92,2863
658,Padova,229,2,211,9,11.95,40.75,37.38,NA,11.04,NA,0.98,0.02,28
659,Vicenza,227,2,128,20,24.47,26.99,63.54,NA,13.43,NA,1,0,65
660,Torino,225,1,146,16,16.63,11.36,63.95,NA,10.81,NA,1,0,136
661,Alessandria,224,2,673,-46,-6.36,-115.86,NA,NA,-18.88,NA,0.66,0.34,258
662,Milano,223,6,277,-62,-20.83,NA,NA,NA,-25.86,2.6,1,0,7
663,Vicenza,222,2,598,19,-5.22,11.42,-59.51,NA,-13.97,NA,0.35,0.65,427
664,Vicenza,222,8,307,-135,-41.27,NA,NA,NA,NA,0,0.7,0.3,-271
665,Vicenza,222,13,1563,-314,-36.71,NA,NA,NA,NA,2.24,1,0,-410
666,Milano,222,9,166,-9,-2.49,-14.22,NA,-4.54,-1.86,0.41,0.87,0.13,52
667,Vicenza,221,NA,114,-67,-49.16,NA,NA,NA,-24.13,-0.01,1,0,-37
668,Vicenza,219,2,772,3,0.64,1.36,56.79,0.78,2.23,0,1,0,261
669,Bologna,219,0,508,1,2.23,0.57,8.35,4.4,5.18,0.56,0.73,0.27,256
670,Alessandria,217,3,178,-63,-35.22,-36.6,NA,NA,-28.74,0,1,0,173
671,Vicenza,217,2,118,-30,-25.45,NA,NA,NA,-12.94,0,1,0,4
672,Vicenza,217,4,363,17,8.83,20.27,51.92,NA,14.65,NA,0.98,0.02,90
673,Milano,214,4,231,15,8.83,17.77,72.72,12.43,9.53,0.01,0.12,0.88,210
674,Alessandria,213,6,98,-21,-20.66,NA,NA,NA,-9.49,NA,1,0,26
675,Vicenza,212,9,72,-29,-31.61,-122.44,NA,NA,-10.78,0,1,0,27
676,Vicenza,212,NA,23,-157,-753.72,NA,NA,NA,NA,-0.18,1,0,-150
677,Vicenza,211,0,162,-1,6.2,-0.89,-7.46,10.32,4.74,0.05,0.83,0.17,68
678,Sondrio,209,5,3158,3,1.66,0.52,6.02,NA,21.12,NA,0.59,0.41,-310
679,Verona,208,NA,225,-14,-4.82,-18.46,NA,-6.88,-5.08,1.11,0.38,0.62,122
680,Vicenza,207,1,89,21,25.73,60.26,90.96,NA,10.95,0.29,1,0,45
681,Vicenza,207,7,144,-7,-3.82,-30.81,NA,NA,-2.67,NA,1,0,49
682,Vicenza,206,4,263,4,3.04,2.88,55.49,5.19,3.87,0,1,0,196
683,Vicenza,206,NA,266,-37,-5.42,-99.48,NA,-12.34,-6.89,2.14,1,0,-9
684,Vicenza,206,4,1116,-40,-3.32,-6.5,NA,-6.06,-16.32,0,0.08,0.92,135
685,Verona,206,3,188,5,3.46,3.81,73.17,NA,3.15,NA,1,0,149
686,Padova,206,0,2963,111,6.33,4.31,59.23,6.37,NA,0.14,1,0,2576
687,Alessandria,205,3,948,5,4.5,0.94,11.07,6.46,20.35,0.28,0.87,0.13,491
688,Milano,204,2,255,-83,-27.55,NA,NA,NA,-34.45,-4.32,1,0,-39
689,Treviso,202,1,112,5,12.02,11.63,36.02,NA,6.66,NA,1,0,35
690,Milano,201,NA,903,-23,-1.33,-6,NA,NA,-5.16,NA,0.97,0.03,401
691,Vicenza,200,0,188,-41,-20,-54.55,NA,NA,-18.85,NA,0.81,0.19,132
692,Alessandria,199,0,161,-15,-5.75,-67.5,NA,-26.59,-4.63,0.57,1,0,24
693,Vicenza,198,5,225,17,11.5,21.85,65.75,NA,12.84,NA,0.68,0.32,20
694,Vicenza,198,5,118,-25,-28.28,-104.32,NA,NA,-16.79,NA,0.81,0.19,-27
695,Vicenza,196,5,259,1,1.64,4.63,15.85,NA,1.47,NA,1,0,-87
696,Vicenza,196,0,194,10,6.6,9.31,79.22,NA,6.17,NA,0.83,0.17,121
697,Vicenza,194,0,1036,-307,-28.52,NA,NA,NA,NA,NA,1,0,-974
698,Alessandria,194,0,113,-10,-10.41,-9.1,NA,-10.5,-5.54,0,1,0,111
699,Brescia,193,NA,197,-8,4.05,NA,-102.63,4.29,4.14,43.24,1,0,2
700,Alessandria,192,0,335,-92,-47.48,NA,NA,NA,NA,-0.56,0.84,0.16,-69
701,Alessandria,192,1,124,3,12.76,32.7,17.79,NA,8.15,0.15,0.97,0.03,9
702,Milano,191,2,127,-40,-28.54,NA,NA,NA,-18.77,3.3,1,0,20
703,Milano,189,4,131,1,5.07,4.56,20.08,NA,3.26,NA,1,0,27
704,Milano,189,0,313,7,4.03,37.98,54.25,8.96,6.61,2.07,0.64,0.36,110
705,Alessandria,188,0,669,-207,-32.1,NA,NA,NA,NA,-1.27,1,0,-153
706,Vicenza,188,3,26,-130,-484.22,NA,NA,NA,NA,0.05,1,0,-35
707,Pavia,187,2,134,-3,-2.47,-46.4,NA,NA,-1.77,NA,1,0,3
708,Alessandria,186,2,367,0,1,0.04,1.66,NA,1.79,NA,0.61,0.39,140
709,Milano,185,NA,205,13,11.69,13.48,53.68,NA,11.81,NA,1,0,78
710,Vicenza,184,0,571,9,2.09,7.63,72.47,NA,6.3,NA,0.03,0.97,444
711,Vicenza,184,3,471,-566,-118.5,NA,NA,NA,NA,-0.21,1,0,-516
712,Belluno,183,NA,824,-126,-14.08,NA,NA,NA,NA,NA,0.9,0.1,-614
713,Alessandria,183,3,781,3,3.7,3.27,10.36,NA,15.27,NA,0.19,0.81,638
714,Vicenza,183,0,293,1,13.15,5,2.77,NA,21.05,2.15,0.9,0.1,44
715,Vicenza,183,5,81,-47,-56.8,NA,NA,NA,-25.11,0,1,0,8
716,Vicenza,183,2,7015,-105,-5.22,NA,NA,NA,NA,-0.27,1,0,-14321
717,Vicenza,181,5,121,-239,-187.55,NA,NA,NA,NA,-0.58,0.68,0.32,-116
718,Vicenza,181,4,229,2,5.64,1.52,19.36,NA,7.12,NA,0.84,0.16,129
719,Alessandria,181,2,172,12,10.37,21.4,67.63,NA,9.67,NA,0.48,0.52,121
720,Vicenza,180,2,119,-16,-12.45,NA,NA,-17.66,-8.25,0,0.29,0.71,83
721,Vicenza,180,0,251,2,5.68,13.52,13.45,8.66,7.92,10.61,0.75,0.25,-22
722,Monza e della Brianza,179,0,244,6,4.14,7.86,60.3,NA,5.64,NA,1,0,-129
723,Bergamo,178,0,65,-2,-3.02,-30.47,NA,-3.87,-1.11,6.88,1,0,4
724,Vicenza,176,1,273,-8,-3.15,-10.92,NA,NA,-4.56,NA,0.28,0.72,144
725,Alessandria,176,1,229,2,2.44,1.98,43.45,NA,3.11,NA,0.93,0.07,67
726,Alessandria,176,3,325,13,5.34,5.31,77.59,6.85,9.86,0,0.29,0.71,320
727,Treviso,175,1,142,4,5.88,9.15,45.3,11.04,4.56,0.83,0.8,0.2,12
728,Vicenza,174,0,223,-268,-123.75,NA,NA,NA,NA,-1.11,0.72,0.28,-205
729,Vicenza,173,4,262,3,2.74,2.52,44.96,NA,4.15,NA,0.6,0.4,203
730,Alessandria,172,NA,214,15,13.43,9.75,53.53,17.42,16.68,0.04,1,0,187
731,Vicenza,171,8,183,-48,-21.62,NA,NA,NA,-21.78,-3.2,0.63,0.37,27
732,Vicenza,170,4,3764,-592,-12.49,NA,NA,NA,NA,-0.93,0.66,0.34,731
733,Ferrara,170,NA,386,-26,-9.13,NA,NA,NA,-19.06,4.35,0.82,0.18,49
734,Alessandria,170,3,142,18,24.26,21.69,51.48,NA,20.24,NA,1,0,92
735,Brescia,170,0,119,-40,-26.89,NA,NA,NA,-17.05,-3.86,0.78,0.22,-9
736,Alessandria,168,2,161,44,29.41,48.14,93.45,NA,28.17,0.35,1,0,90
737,Vicenza,168,NA,235,-139,-55.99,NA,NA,NA,NA,0.51,1,0,-115
738,Milano,168,NA,755,-41,-2.86,-39.16,NA,-5.77,-12.86,1.51,0.81,0.19,-258
739,Vicenza,167,4,376,0,2.51,1.74,3.53,3.38,5.51,13.57,0.1,0.9,143
740,Alessandria,167,3,227,1,3.53,61.39,14.79,NA,4.76,NA,0.75,0.25,-28
741,Venezia,167,2,284,8,5.29,4.85,52.17,NA,9.02,NA,0.34,0.66,156
742,Vicenza,166,3,149,-2,-0.07,-5.58,NA,-0.26,-0.06,0.01,1,0,69
743,Bergamo,165,0,102,-10,-3.38,-59.93,NA,NA,-2.09,NA,1,0,10
744,Vicenza,164,2,264,24,9.54,9.2,94.4,9.75,15.31,0,1,0,140
745,Vicenza,163,5,317,11,6.16,41.65,55.27,10.83,11.96,5.95,0.45,0.55,208
746,Alessandria,162,5,158,-45,-28.27,NA,NA,NA,-27.51,NA,1,0,-189
747,Vicenza,161,1,402,94,31.91,25.88,72.9,NA,NA,0,1,0,350
748,Alessandria,157,2,110,-23,-16.68,NA,NA,NA,-11.61,NA,0.14,0.86,84
749,Vicenza,157,4,127,-7,-3.36,-7.95,NA,NA,-2.71,NA,1,0,86
750,Milano,157,2,439,1,1.69,2.39,17.11,NA,4.03,NA,0.57,0.43,218
751,Verbano-Cusio-Ossola,157,5,346,-93,-17.81,-44.26,NA,-29.32,-38.54,0,1,0,287
752,Brescia,157,1,232,-29,-11.26,NA,NA,NA,-16.5,NA,1,0,-64
753,Milano,156,4,249,-44,-14.89,-112.68,NA,NA,-22.85,NA,1,0,56
754,Milano,156,6,543,-6,0.69,-20.47,-159.18,1.32,1.03,8.71,0.45,0.55,283
755,Alessandria,153,3,396,-17,-2.66,-6.44,NA,-3.77,-6.83,0.07,1,0,308
756,Modena,152,0,115,7,10.54,20.3,59.59,NA,7.8,NA,0.86,0.14,39
757,Padova,152,2,130,0,1.53,2.36,13.78,2.6,1.31,2.23,0.66,0.34,44
758,Alessandria,152,1,91,22,34.6,32.42,69.89,NA,20.63,NA,1,0,63
759,Vicenza,152,2,67,-15,-25.85,-98.17,NA,NA,-11.45,0.01,1,0,23
760,Vicenza,152,6,132,-196,-97.33,NA,NA,NA,NA,-0.41,0.88,0.12,-281
761,Vicenza,151,3,80,-55,-78.57,-79.01,NA,NA,-41.31,0,1,0,67
762,Padova,151,4,212,-21,-9.6,NA,NA,-24.52,-13.5,-5.09,0.87,0.13,-101
763,Alessandria,149,3,99,0,5.88,5.49,8.54,NA,3.89,NA,0.91,0.09,16
764,Alessandria,146,0,119,0,2.25,0.59,8.74,2.92,1.8,1.33,0.47,0.53,70
765,Como,144,1,149,3,10.19,18.49,22.92,NA,10.55,NA,0.23,0.77,53
766,Alessandria,144,0,324,-34,10.99,-14.89,-94.33,12.05,24.72,0,0.08,0.92,315
767,Vicenza,142,0,716,-108,-13.65,NA,NA,NA,NA,NA,0.85,0.15,129
768,Vicenza,142,1,78,1,0.84,13.79,100,NA,0.46,NA,1,0,-32
769,Piacenza,140,3,139,6,10.05,20.55,41.13,18.61,10,1.2,0.71,0.29,51
770,Vicenza,139,NA,137,-20,-5.17,-83.36,NA,NA,-5.09,NA,1,0,25
771,Genova,139,4,144,6,4.8,19.67,82.43,NA,4.64,NA,0.78,0.22,41
772,Bologna,139,1,333,-38,-10.5,-15.14,NA,-12.42,-23.66,0.07,0.84,0.16,85
773,Vicenza,139,2,146,15,14.33,33.27,72.9,NA,15.12,NA,1,0,45
774,Milano,137,4,1147,-1,1.58,-0.55,-4.69,1.8,10.54,4.26,0.96,0.04,241
775,Alessandria,137,2,298,-28,-8.48,NA,NA,NA,-16.73,NA,0.17,0.83,93
776,Pavia,136,2,472,0,3.39,1.4,2.87,7.39,11.71,1.59,1,0,46
777,Lecco,132,0,56,-6,-10.15,-47.27,NA,-17.5,-4.27,0,1,0,-2
778,Ravenna,132,0,101,9,15.34,51.62,58.48,NA,11.78,0.29,1,0,-5
779,Monza e della Brianza,131,1,111,3,3.2,15.33,70.64,NA,2.34,NA,1,0,-21
780,Vicenza,130,0,421,52,14.53,18.64,84.92,15.05,NA,0.38,0.19,0.81,11
781,Venezia,129,8,133,-46,-34.25,NA,NA,NA,-35.3,0,1,0,-66
782,Vicenza,129,NA,126,0,2.64,0.97,12.11,6.78,2.59,0.18,1,0,2
783,Alessandria,128,1,182,10,7.52,7.63,76.01,NA,10.53,NA,0.76,0.24,139
784,Bologna,128,2,938,-109,-11.6,NA,NA,NA,-32.6,-1.01,1,0,-2380
785,Milano,127,0,95,1,7.25,6.37,11.61,NA,5.39,NA,0.89,0.11,3
786,Varese,127,NA,506,3,2.22,4.62,27.7,6.59,8.83,1.53,1,0,121
787,Vicenza,127,1,107,-8,-4.26,-14.71,NA,-7.97,-3.58,0.1,1,0,52
788,Milano,127,4,71,16,31.52,79.03,73.1,NA,16.99,NA,1,0,6
789,Lecco,126,1,252,1,5.68,2.99,10.21,6.82,11.32,3.3,0.58,0.42,111
790,Alessandria,126,0,138,0,4.65,0.08,0.65,9.9,5.01,0.23,1,0,42
791,Vicenza,126,0,465,-3,-0.14,-17.46,NA,-4.42,-0.48,0,0.1,0.9,127
792,Vicenza,126,2,126,-1,2.23,-1.39,-45.79,3.03,2.12,0,1,0,34
793,Vicenza,126,5,48,-41,-84.17,NA,NA,NA,-32.47,NA,1,0,19
794,Vicenza,125,5,291,17,8.81,29.47,65.47,21.06,20.51,1.14,0.98,0.02,-12
795,Varese,124,NA,23,-34,-130.97,NA,NA,NA,-24.39,-0.81,1,0,-25
796,Vicenza,123,NA,252,7,5.56,26.42,51.3,11.89,11.34,3.33,1,0,58
797,Vicenza,123,NA,166,2,0.8,12.93,157.86,4.64,1.05,0.76,1,0,-56
798,Alessandria,123,2,159,13,11.12,17.59,75.99,NA,10.51,NA,1,0,54
799,Alessandria,122,12,1395,-39,-2.75,-8.94,NA,-8.85,-31.35,0,0.99,0.01,544
800,Alessandria,121,2,290,0,2.49,0.86,2.62,19.13,5.9,0.72,0.59,0.41,119
801,Milano,121,4,46,2,7.41,12.93,59.32,21.79,2.85,0,1,0,-1
802,Torino,120,6,3186,-335,-10.5,NA,NA,-16.89,NA,0,0.37,0.63,1987
803,Milano,120,5,107,-6,-4.75,NA,NA,NA,-3.91,NA,0.54,0.46,9
804,Vicenza,119,0,85,-6,-0.59,-10.63,NA,-0.62,-0.42,0.38,0.75,0.25,-9
805,Vicenza,119,0,364,13,4.85,3.46,71.18,4.86,14.81,0,1,0,363
806,Vicenza,119,17,140,-197,-137.2,NA,NA,NA,NA,NA,1,0,-160
807,Alessandria,118,1,72,-105,-132.8,NA,NA,NA,NA,-1.28,1,0,-49
808,Varese,118,3,446,-3,2.6,-3.98,-26.43,NA,9.87,NA,0.57,0.43,285
809,Alessandria,117,2,234,2,4.79,9.47,13.64,5.56,9.6,3.89,0.4,0.6,149
810,Bergamo,116,1,110,2,4.79,14.19,31.28,9.68,4.55,1.28,1,0,0
811,Varese,116,NA,62,-11,-16.48,-25.01,NA,-23.44,-8.76,0,1,0,44
812,Alessandria,116,2,85,-3,7.79,-6.63,-38.67,15.99,5.66,0.07,0.69,0.31,43
813,Treviso,115,0,1168,-4,0.02,-0.68,NA,0.03,0.16,0,0.53,0.47,-161
814,Alessandria,115,2,112,10,-9.14,70.4,-96.93,-16.88,-8.89,3.3,1,0,41
815,Vicenza,113,2,108,-3,0.9,-41.29,-312.8,10.52,0.86,0.25,0.61,0.39,43
816,Alessandria,113,0,1325,-10,-0.69,-0.78,NA,NA,-8.03,NA,1,0,810
817,Milano,112,1,151,12,12.88,16.93,61.2,NA,17.13,NA,0.88,0.12,40
818,Vicenza,112,1,106,17,26.06,41.02,61,NA,24.33,NA,1,0,43
819,Alessandria,112,1,262,-47,-13.83,NA,NA,NA,-32.4,-3.07,1,0,-61
820,Torino,112,2,246,-11,4.68,NA,-96.48,8.84,10.31,42.85,0.53,0.47,99
821,Vicenza,111,1,87,-39,-43.22,NA,NA,NA,-33.82,NA,1,0,-58
822,Vicenza,111,1,137,-7,-5.65,-40.96,NA,-7.11,-6.98,0.04,1,0,13
823,Como,110,NA,173,-12,-5.9,-115.86,NA,-10.4,-8.86,3.81,0.71,0.29,49
824,Milano,110,NA,96,-1,-0.49,-6.2,NA,NA,-0.39,NA,0.2,0.8,75
825,Vicenza,109,NA,24,-177,-676.35,NA,NA,NA,NA,-0.03,1,0,-110
826,Milano,109,NA,20,-19,-80.25,NA,NA,NA,-14.68,0,1,0,-29
827,Varese,108,1,149,-37,-23.53,NA,NA,NA,-31.51,NA,1,0,15
828,Alessandria,108,2,329,-7,-2.47,-42.5,NA,-9.18,-7.44,1.29,0.84,0.16,30
829,Vicenza,107,4,183,-392,-202.89,NA,NA,NA,NA,NA,0.77,0.23,-217
830,Vicenza,107,0,59,11,24.02,27.88,75.16,28.98,13.25,0.28,1,0,29
831,Genova,107,3,205,1,1.2,0.87,38.04,1.28,2.31,0.01,0.07,0.93,115
832,Milano,106,1,224,0,1.12,3.8,18.25,NA,2.24,NA,1,0,12
833,Vicenza,104,2,230,-23,-0.58,-24.03,NA,-0.8,-1.28,0.66,0.95,0.05,52
834,Cremona,104,0,178,0,7.33,1.07,2.61,NA,12.31,NA,0.84,0.16,-15
835,Vicenza,104,4,154,4,4.25,4.1,57.38,NA,6.3,NA,1,0,70
836,Varese,104,1,395,-29,-6.7,-68.02,NA,NA,-25.49,NA,0.25,0.75,300
837,Genova,103,0,183,-114,-92.14,NA,NA,NA,NA,0,0.31,0.69,112
838,Bologna,103,0,180,30,16.9,16.55,97.22,NA,29.52,NA,1,0,176
839,Varese,103,2,147,-2,0.55,-2.64,-248.57,NA,0.78,NA,1,0,108
840,Alessandria,103,2,81,0,3.35,0.54,5.32,NA,2.63,NA,0.85,0.15,29
841,Monza e della Brianza,103,0,118,-2,5.6,-10.11,-24.81,NA,6.36,NA,0.89,0.11,54
842,Milano,101,NA,224,4,2.93,23.84,57.28,10.75,6.49,2.87,1,0,-44
843,Alessandria,98,0,282,-8,-1.93,-7.7,NA,-3.95,-5.55,0.31,1,0,73
844,Vicenza,97,3,472,4,1.63,1.4,47.52,NA,7.49,NA,0.96,0.04,80
845,Alessandria,96,6,300,-9,-2.15,NA,NA,NA,-6.57,-1.26,0.79,0.21,-51
846,Vicenza,96,0,765,-137,-6.91,NA,NA,NA,NA,-1.64,1,0,-522
847,Bergamo,96,3,228,-9,-2.97,NA,NA,NA,-6.63,NA,0.94,0.06,-31
848,Vicenza,96,4,86,-87,-92.19,NA,NA,NA,NA,NA,1,0,45
849,Alessandria,95,0,104,-1,0.27,-2.73,-193.45,0.7,0.29,0,1,0,0
850,Torino,94,3,70,-2,-1.85,NA,NA,-6.25,-1.38,-3.79,1,0,-5
851,Bologna,93,0,93,2,2.65,4.68,81.2,3.55,2.67,0.34,1,0,-4
852,Vicenza,93,4,188,8,4.4,7.55,93.5,NA,5.98,NA,1,0,7
853,Vicenza,92,4,97,24,26.08,33.01,97.2,NA,27.25,NA,1,0,69
854,Alessandria,92,0,13,379,NA,NA,-245.17,NA,NA,0,0.06,0.94,12
855,Vicenza,92,0,128,23,25.99,31.26,69.35,NA,NA,NA,1,0,110
856,Padova,92,0,82,11,20.46,41.93,63.34,NA,18.25,0,1,0,23
857,Alessandria,91,1,327,2,2.38,1.2,28.39,NA,8.46,NA,0.9,0.1,204
858,Vicenza,91,0,72,-3,-3.77,-8.81,NA,-6.34,-3.01,0,1,0,28
859,Milano,90,0,62,0,4.15,0.52,4.78,NA,2.78,NA,1,0,-2
860,Forlì-Cesena,90,2,103,3,4.53,25.53,73.3,NA,5.21,NA,1,0,-19
861,Alessandria,88,1,468,-693,-141.02,NA,NA,NA,NA,0,0.44,0.56,-3
862,Vicenza,88,0,1120,4,0.64,14.36,51.07,0.65,8.16,0,0.02,0.98,841
863,Alessandria,87,1,551,-213,-33.76,NA,NA,NA,NA,-0.63,0.83,0.17,-238
864,Bergamo,87,1,99,1,5.6,4.56,13.87,NA,6.39,0.07,1,0,9
865,Vicenza,87,0,191,18,18.77,32.66,49.92,NA,NA,NA,0.98,0.02,55
866,Vicenza,87,1,66,9,22.8,63.57,61.66,NA,17.37,NA,1,0,11
867,Alessandria,85,0,39,-8,-16.01,-21.94,NA,NA,-7.24,NA,1,0,35
868,Alessandria,85,NA,95,41,70.21,53.56,61.57,NA,NA,0,1,0,78
869,Vicenza,84,0,128,60,57.46,65.29,81.07,NA,NA,0,1,0,83
870,Alessandria,84,0,156,-1,2.25,-6.32,-26.17,NA,4.12,NA,1,0,22
871,Vicenza,83,0,223,16,9.13,56.61,76.88,11.26,24.63,5.54,0.35,0.65,89
872,Alessandria,83,1,253,0,-0.03,-0.15,NA,-0.04,-0.09,0,0.59,0.41,219
873,Milano,82,0,70,3,9.43,8.81,42.56,13.5,8.01,0.5,1,0,27
874,Venezia,82,0,107,5,4.91,32.56,100.04,7.19,6.37,0,0.37,0.63,67
875,Vicenza,82,1,96,6,9.35,80.16,67.59,NA,10.98,NA,1,0,-39
876,Udine,81,2,102,-5,-1.85,-8.12,NA,NA,-2.3,NA,1,0,54
877,Vicenza,81,0,80,-4,-4.31,-6.65,NA,NA,-4.15,NA,1,0,50
878,Vicenza,81,4,40,-17,-42.32,NA,NA,NA,-20.97,NA,1,0,-23
879,Vicenza,80,5,419,-8,2.47,-41.34,-77.91,3.92,12.8,12.53,0.39,0.61,61
880,Padova,80,1,371,7,4.89,8.03,40.93,5.31,20.33,1.79,0.13,0.87,313
881,Vicenza,78,NA,204,-65,-30.08,NA,NA,NA,NA,NA,1,0,-160
882,Rimini,78,0,30,2,13.76,8.68,37.59,NA,5.35,NA,1,0,11
883,Milano,78,1,394,1,1.4,5.33,16.94,NA,5.63,NA,0.81,0.19,23
884,Vicenza,78,0,160,9,10.74,13.15,52.05,12.03,22.17,0,0.17,0.83,143
885,Bergamo,77,4,1512,-558,-37.9,NA,NA,NA,NA,-2.24,0.62,0.38,-75
886,Vicenza,76,2,187,-10,-3.59,-104.34,NA,-7.73,-6.62,0.8,0.6,0.4,72
887,Torino,75,4,346,-7,-33.23,-6.74,NA,NA,NA,1.18,0.38,0.62,116
888,Milano,74,0,106,5,7.83,26.6,56.79,NA,11.09,NA,1,0,12
889,Vicenza,74,0,2028,-98,-7.12,NA,NA,NA,NA,-0.89,1,0,-5728
890,Torino,74,NA,37,-28,-93.01,-88.34,NA,NA,-45.46,0,1,0,32
891,Alessandria,73,0,156,0,2.53,0.53,4.83,NA,5.29,NA,0.09,0.91,124
892,Vicenza,73,NA,144,1,5.13,1.77,11.57,NA,10.14,NA,0.85,0.15,-4
893,Milano,73,0,107,-19,-18.72,-18.22,NA,-19.1,-25.94,0,1,0,105
894,Vicenza,73,NA,120,7,8.28,8.66,69.73,NA,12.79,NA,0.79,0.21,12
895,Milano,72,0,2404,47,2.84,5.08,69,7.36,NA,0,1,0,1033
896,Alessandria,72,1,191,3,8.7,12.35,19.92,NA,22.84,NA,0.28,0.72,126
897,Treviso,71,0,15,-26,-88.96,NA,NA,NA,-18.77,NA,0,1,15
898,Vicenza,71,1,98,-51,-48.16,NA,NA,NA,NA,-7.1,0.7,0.3,-6
899,Alessandria,71,NA,104,-37,-35.72,NA,NA,NA,NA,0,1,0,-86
900,Varese,71,3,43,-124,-274.98,NA,NA,NA,NA,-0.64,1,0,-111
901,Alessandria,71,5,535,-24,-3.54,NA,NA,NA,-26.85,-0.45,0.46,0.54,250
902,Milano,70,NA,561,38,0.88,7.61,NA,NA,6.5,NA,1,0,501
903,Vicenza,69,NA,116,-13,-11.18,NA,NA,NA,-10.28,28.7,1,0,1
904,Varese,69,2,47,-122,-251.94,NA,NA,NA,NA,-0.78,0.66,0.34,-128
905,Udine,69,0,110,-7,-2.2,-37.6,NA,-4.33,-3.51,1.95,1,0,15
906,Venezia,68,0,212,-3,1.47,-7.08,-83.33,1.68,4.57,4.07,0.15,0.85,18
907,Venezia,66,1,76,0,2.77,0.28,7.39,3.72,1.82,0,1,0,34
908,Milano,65,NA,658,-135,-18.54,NA,NA,-29.09,NA,-0.02,0.29,0.71,409
909,Vicenza,64,2,305,-11,-2.57,-4.32,NA,NA,-12.18,NA,0.27,0.73,166
910,Varese,63,0,162,13,11.58,14.68,67.97,NA,29.59,NA,0.19,0.81,155
911,Alessandria,62,NA,192,0,7.24,-0.56,-0.57,NA,22.41,NA,1,0,-35
912,Vicenza,62,1,359,-7,-0.17,-9.17,NA,-0.31,-0.95,1.4,0.6,0.4,6
913,Reggio nell'Emilia,62,0,179,4,4.31,2.31,48.1,4.8,12.5,0,1,0,39
914,Bologna,62,1,355,-3,-0.53,-34.09,NA,-0.96,-3.05,18.07,0.51,0.49,150
915,Alessandria,61,0,4176,-15,-0.24,-0.36,NA,-0.24,-16.15,0,1,0,45
916,Treviso,60,0,210,-21,-6.86,NA,NA,-11.73,-23.91,-3.94,0.46,0.54,105
917,Piacenza,60,0,17,-11,-430.37,-65.99,NA,NA,NA,NA,1,0,16
918,Torino,59,0,409,1,1.17,5.08,24.43,NA,8.07,NA,0.94,0.06,0
919,Venezia,59,2,57,-17,-29.42,NA,NA,NA,-28.22,1.86,1,0,4
920,Vicenza,59,1,242,-15,-4.04,NA,NA,-22.75,-16.61,4.49,0.9,0.1,31
921,Reggio nell'Emilia,58,0,258,33,16.38,18.57,77.29,22.22,NA,0.08,0.77,0.23,215
922,Milano,57,0,112,-20,-18,NA,NA,-18.28,-34.17,0,0.02,0.98,110
923,Vicenza,56,1,61,14,34.1,58.21,66.92,NA,NA,NA,1,0,21
924,Alessandria,56,NA,104,-105,-100.12,NA,NA,NA,NA,NA,0.06,0.94,94
925,Vicenza,55,NA,495,-139,-22.38,NA,NA,-22.67,NA,-4.88,0.01,0.99,383
926,Alessandria,56,2,313,28,12.93,10.28,69.09,NA,NA,NA,1,0,267
927,Milano,55,1,113,-8,-7.4,-23.08,NA,NA,-15.1,NA,0.96,0.04,37
928,Vicenza,55,0,126,-11,-4.71,-9.45,NA,-5.15,-8.89,0,1,0,106
929,Torino,55,1,146,-96,-17.61,-71.33,NA,-19.2,-43.38,0,1,0,141
930,Vicenza,55,2,253,6,2.31,2.6,96.68,2.64,10.65,0.02,1,0,131
931,Milano,54,NA,131,0,2.28,2.04,7.53,6.04,5.57,1.07,0.66,0.34,45
932,Milano,54,0,87,-24,-44.65,NA,NA,NA,-33.92,NA,1,0,-604
933,Padova,53,0,102,-1,-5.36,-14.77,NA,-13.69,-9.91,4.81,0.7,0.3,8
934,Vicenza,53,1,45,1,6.39,3.08,35.41,NA,5.45,NA,1,0,30
935,Alessandria,53,2,133,-41,-23.34,NA,NA,NA,NA,-1.64,1,0,-22
936,Alessandria,52,1,36,1,1.9,25.81,99.85,25.85,1.01,0,0.99,0.01,-4
937,Vicenza,52,0,142,-13,-3.92,NA,NA,2.47,-10.79,-0.15,1,0,15
938,Udine,52,1,103,3,4.34,8.96,57.22,NA,8.58,NA,1,0,2
939,Padova,51,0,891,27,3.79,11.24,79,11.62,NA,0.22,1,0,238
940,Alessandria,52,1,365,-24,-3.05,-13.83,NA,-3.93,-21.63,0.65,1,0,173
941,Alessandria,50,0,56,2,5.72,13.03,66.52,19.58,6.49,0,1,0,9
942,Vicenza,50,1,75,1,3.74,3.44,35.81,NA,5.62,NA,1,0,30
943,Brescia,49,0,954,2,0.19,0.38,114.94,NA,3.67,NA,0.02,0.98,251
944,Vicenza,49,0,122,3,2.37,6.44,89.8,4.82,5.66,0.01,0.76,0.24,51
945,Milano,48,0,218,-114,-54.21,-52.32,NA,NA,NA,0,1,0,39
946,Vicenza,47,1,400,-8,-0.61,-16.23,NA,-1.7,-5.14,1.89,0.8,0.2,109
947,Brescia,47,0,174,2,5.58,8.86,19.64,NA,20.61,NA,0.4,0.6,-17
948,Vicenza,46,NA,85,-15,-17.37,NA,NA,NA,-29.37,0,1,0,2
949,Vicenza,46,1,34,-40,-98.62,NA,NA,NA,NA,-0.67,0.92,0.08,-73
950,Alessandria,46,2,76,-10,-12.15,NA,NA,NA,-20.06,NA,1,0,-24
951,Como,46,0,62,-14,-24.34,-59.08,NA,NA,-32.86,NA,1,0,19
952,Vicenza,45,0,134,-33,-30.59,NA,NA,NA,NA,4.19,0.49,0.51,26
953,Varese,45,NA,60,6,11.8,26.07,91.48,28.49,15.15,0,1,0,12
954,Monza e della Brianza,45,1,159,5,6.69,9.64,43.93,7.14,23.63,1.93,0.09,0.91,11
955,Genova,44,0,89,3,4.9,4.18,67.02,NA,9.77,NA,1,0,74
956,Alessandria,44,1,309,-10,-0.81,-4.01,NA,-1.03,-5.61,0,1,0,227
957,Brescia,43,1,155,-20,-12.89,NA,NA,NA,-19.73,NA,1,0,9
958,Vicenza,43,NA,4,-3,135.04,-75.14,-55.64,NA,11.46,0,NA,NA,4
959,Verona,43,0,206,0,1.51,1.32,15.52,4.18,7.31,0.86,0.55,0.45,95
960,Milano,42,0,96,-7,-0.84,-16.62,NA,-1.25,-1.27,0.62,1,0,36
961,Milano,41,0,164,0,0.77,2.77,31.89,NA,3.08,NA,1,0,10
962,Vicenza,41,0,79,6,14.65,8.26,49.96,15.41,28.1,0.07,1,0,70
963,Vicenza,41,0,52,-36,-60.51,NA,NA,NA,NA,-15.35,1,0,-26
964,Vicenza,39,0,46,-18,-36.93,-74.48,NA,NA,-43.7,0.52,1,0,24
965,Alessandria,39,1,285,-2,0.26,-1.01,-280.03,NA,1.88,NA,1,0,192
966,Alessandria,39,0,98,-3,9.06,-10,-38.17,13.98,22.65,0.11,0.59,0.41,51
967,Vicenza,38,1,34,12,36.34,86.12,98.07,NA,NA,0,1,0,12
968,Milano,37,1,168,2,1.82,6.34,58.43,NA,8.23,NA,0.55,0.45,-50
969,Vicenza,37,4,673,-39,-5.84,-12.8,NA,-12.87,-18.18,0,1,0,305
970,Alessandria,37,3,110,14,12.5,20.93,103.23,NA,NA,NA,0.53,0.47,69
971,Venezia,37,0,151,13,12.12,9.44,70.01,NA,NA,NA,1,0,112
972,Alessandria,36,NA,126,-116,-91.79,NA,NA,NA,NA,NA,0.54,0.46,-20
973,Vicenza,35,1,122,1,4.53,7.34,14.96,8.04,15.6,4.52,0.57,0.43,-8
974,Alessandria,35,1,34,-4,-2.05,-26.61,NA,NA,-1.95,NA,0.23,0.77,26
975,Alessandria,35,0,36,-72,-191.82,NA,NA,NA,NA,0,1,0,7
976,Vicenza,35,0,379,-19,-5.69,NA,NA,14.11,-15.63,0,1,0,221
977,Udine,34,0,54,0,-0.45,-0.82,NA,NA,-0.68,NA,1,0,19
978,Alessandria,34,3,334,-12,-3.7,-5.8,NA,NA,-36.83,NA,1,0,271
979,Milano,33,0,72,-23,-28.97,NA,NA,NA,NA,NA,0.89,0.11,-1
980,Torino,33,0,735,-15,-1.1,NA,NA,NA,-19.4,NA,0.06,0.94,643
981,Alessandria,33,0,190,-80,-31.58,NA,NA,NA,NA,-1.45,1,0,-119
982,Alessandria,32,0,46,-28,-59.97,NA,NA,NA,NA,NA,1,0,-133
983,Torino,31,NA,27,-38,-159.71,NA,NA,NA,NA,0,1,0,-29
984,Vicenza,31,1,287,0,0.43,0.43,8.35,NA,3.52,NA,1,0,22
985,Treviso,31,0,49,1,1.71,4.2,96.34,NA,2.75,NA,1,0,9
986,Milano,31,0,76,-1,0.73,-5.96,-225.27,NA,1.78,NA,0.46,0.54,31
987,Vicenza,30,1,201,-13,-4.18,-21.53,NA,-10.71,-27.96,0.28,0.8,0.2,96
988,Alessandria,30,0,3164,64,0.4,2.03,NA,0.4,NA,0,1,0,47
989,Vicenza,30,0,118,4,5.92,4.08,63.32,NA,23.29,NA,0.95,0.05,105
990,Alessandria,30,0,144,-1,3.23,NA,-17.9,13.28,15.61,-1.42,0.84,0.16,-142
991,Milano,29,0,379,10,-2.79,-12.37,-98.51,-3.16,-35.97,-4.88,0.11,0.89,327
992,Alessandria,29,1,182,-44,-19.09,-92.93,NA,NA,NA,0.2,1,0,-28
993,Alessandria,29,2,435,-8,0.25,-5.56,NA,NA,3.72,NA,0.63,0.37,234
994,Torino,28,1,273,-6,-1.55,-25.41,NA,-18.23,-8.39,0,0.66,0.34,103
995,Venezia,28,0,25,-10,-118.36,NA,NA,NA,NA,0,1,0,-1
996,Milano,27,3,301,-60,-17.96,NA,NA,NA,-15.03,2.9,1,0,-25
997,Vicenza,27,0,34,-18,-49.51,NA,NA,NA,NA,-2.28,1,0,-7
998,Vicenza,27,0,207,-13,5.07,NA,-124.12,6.84,NA,-10.25,0.57,0.43,89
999,Cuneo,27,1,115,7,6.47,24.97,100.07,14.62,24.94,0,1,0,14
1000,Alessandria,26,0,1124,-47,-2.85,NA,NA,-15.2,NA,-2.22,1,0,-454
1001,Vicenza,25,NA,26,-89,-313.5,NA,NA,NA,NA,-1.01,1,0,-96
1002,Vicenza,25,0,15,0,2.21,2.52,100,NA,1.32,NA,1,0,13
1003,Vicenza,25,1,4,-77,NA,NA,NA,NA,NA,0,1,0,-7
1004,Vicenza,25,0,110,-4,4.28,-53.52,-78.37,23.24,18.35,1.94,1,0,-48
1005,Alessandria,25,5,320,-31,-9.06,NA,NA,24.35,NA,0,1,0,-127
1006,Vicenza,25,0,29,2,13.64,18.4,43.62,NA,16.1,0,1,0,2
1007,Treviso,24,2,70,-59,-84.05,NA,NA,NA,NA,0,1,0,25
1008,Milano,24,0,366,-111,-81.68,NA,NA,NA,NA,-0.01,1,0,-2489
1009,Vicenza,23,0,36,-5,-14.92,-24.28,NA,-16,-23,0,0.18,0.82,31
1010,Imperia,23,0,82,-64,-25.28,NA,NA,NA,NA,-2.26,0.89,0.11,-91
1011,Vicenza,23,NA,89,70,86.09,80.71,91.31,NA,NA,0,1,0,80
1012,Milano,23,1,19,6,39.33,42.99,74.35,NA,11.85,0,1,0,11
1013,Vicenza,23,0,23,-4,-51.62,-73.28,NA,NA,NA,0,1,0,-1
1014,Milano,22,0,21,3,15.2,23.58,96.32,15.94,14.56,0,1,0,1
1015,Alessandria,21,0,0,-71,NA,NA,NA,11.69,NA,-0.45,0.54,0.46,-227
1016,Forlì-Cesena,21,0,69,-11,-17.25,-39.47,NA,NA,NA,NA,1,0,22
1017,Vicenza,21,0,27,146,-8.69,-17.54,NA,2.77,-10.88,-0.9,1,0,-845
1018,Vicenza,21,10,13936,424,-8.61,-3.05,-35.31,NA,NA,-0.91,1,0,-17038
1019,Alessandria,21,0,889,-16,-1,-27.76,NA,NA,-4.67,NA,0.46,0.54,509
1020,Alessandria,20,1,52,-1,-3.83,-3.77,NA,-4.15,-9.77,0.52,1,0,27
1021,Vicenza,20,2,54,-1,-0.83,-11.64,NA,-1.2,-2.2,0.14,1,0,9
1022,Vicenza,20,0,5,2,122.27,-20.35,36.59,NA,18.37,NA,1,0,-12
1023,Alessandria,19,0,185,-717,-159.33,NA,NA,23.22,NA,-0.03,1,0,-1310
1024,Alessandria,19,2,18,-24,-129.93,NA,NA,NA,NA,0.56,1,0,-1
1025,Vicenza,18,0,146,-55,-36.94,NA,NA,NA,NA,-0.33,1,0,-46
1026,Milano,18,0,27,-40,-147.12,NA,NA,NA,NA,0,1,0,-29
1027,Vicenza,17,0,133,-38,-24.07,NA,NA,NA,NA,-0.62,0.62,0.38,-204
1028,Milano,17,0,30,2,10.75,79.54,73.49,NA,18.23,0,1,0,-3
1029,Milano,17,0,83,-11,-6.6,NA,NA,1.85,-11.05,-0.29,0.77,0.23,-271
1030,Alessandria,17,0,37,2,6.7,9.91,70.09,NA,14.5,NA,1,0,16
1031,Venezia,17,4,55,-79,-122.23,NA,NA,NA,NA,0,1,0,-54
1032,Piacenza,17,1,42,-6,-12.03,-14.99,NA,-13.21,-30.14,0,1,0,36
1033,Milano,16,0,282,-19,-6.5,NA,NA,NA,NA,0,0.94,0.06,-101
1034,Alessandria,16,0,21,6,39.97,37.12,69.85,NA,NA,NA,1,0,12
1035,Milano,16,1,35,-1,1.15,-2.57,-135.85,NA,2.35,NA,1,0,15
1036,Alessandria,15,0,168,1,1.46,1.5,48.25,NA,15.43,NA,1,0,66
1037,Alessandria,15,0,13,-53,-267.49,NA,NA,NA,-36.24,-0.12,1,0,-140
1038,Vicenza,14,0,319,-2,-0.46,-1.08,NA,-0.47,-9.75,0,1,0,-81
1039,Alessandria,14,0,791,-203,-21.95,NA,NA,NA,NA,NA,0.74,0.26,-470
1040,Alessandria,14,1,16,6,43.57,75.16,79.41,NA,NA,NA,1,0,7
1041,Genova,13,0,164,-4,-2.22,-3.09,NA,NA,-27.4,NA,1,0,117
1042,Milano,13,1,56,-8,-13.02,NA,NA,NA,NA,NA,0.09,0.91,49
1043,Milano,12,0,58,-2,4.85,-5.79,-54.16,6.4,22.54,0.39,1,0,37
1044,Torino,12,0,29,3,12.6,20.83,72.23,15.61,29.5,0,1,0,2
1045,Milano,11,0,5,1,31.15,69.5,80.34,NA,13.53,NA,1,0,2
1046,Udine,11,3,94,2,2.13,-0.56,100.05,-2.41,11.06,-0.77,1,0,-337
1047,Vicenza,10,0,1732,-651,-27.2,NA,NA,16.67,NA,-0.85,1,0,-19897
1048,Alessandria,10,0,304,-88,-331.89,NA,NA,NA,NA,7.97,1,0,3
1049,Alessandria,9,0,462,0,0.3,NA,-1.79,21.39,6.01,-0.98,0.64,0.36,-200
1050,Milano,9,0,214,-22,-13.86,NA,NA,NA,NA,-2.12,1,0,-27
1051,Verona,9,0,195,-13,-6.76,NA,NA,NA,NA,NA,0.01,0.99,183
1052,Alessandria,9,0,137,4,3.6,5.42,80.68,NA,NA,NA,0.62,0.38,17
1053,Savona,8,0,42,2,5.31,9.4,92.47,NA,28.7,NA,1,0,12
1054,Vicenza,8,0,35,-115,20.23,NA,NA,23.91,NA,0,1,0,-19
1055,Milano,7,0,26,-2,-3.71,-19.21,NA,-3.93,-13.35,0.42,1,0,9
1056,Venezia,7,0,17,-2,-11.58,-25.15,NA,-24.18,-28.51,0,1,0,3
1057,Varese,6,0,135,-6,-3.91,-45.99,NA,-7.49,NA,3.65,0.6,0.4,19
1058,Vicenza,6,0,101,3,3.07,-0.91,93.03,-1.22,NA,0,0.84,0.16,-354
1059,Milano,5,0,18,0,3.18,4.53,61.76,NA,9.79,NA,0.8,0.2,1
1060,Vicenza,5,0,223,-3,-1.43,-3,NA,NA,NA,NA,0.01,0.99,7
1061,Milano,5,0,40,-4,-9.53,-63.29,NA,-11.96,NA,4.27,1,0,1
1062,Vicenza,4,0,15,-184,-29.89,NA,NA,0.97,NA,-0.06,0.94,0.06,-463
1063,Alessandria,4,0,65,-5,-6.95,-81.95,NA,NA,NA,NA,0.06,0.94,36
1064,Monza e della Brianza,4,0,35,-5,-14.6,-103.23,NA,-28.01,NA,0,0.56,0.44,8
1065,Milano,4,0,28,-10,-34.11,-66.74,NA,NA,NA,NA,0.98,0.02,1
1066,Padova,3,0,29,-1,0.27,-3.39,NA,NA,2.45,NA,0.6,0.4,22
1067,Vicenza,3,0,44,0,0.52,0.6,113.72,0.53,7.53,0,1,0,43
1068,Torino,3,0,17,-13,-76.95,-115.89,NA,NA,NA,0,1,0,11
1069,Vicenza,3,0,141,-22,-15.68,-17.97,NA,-18.03,NA,0,1,0,114
1070,Vicenza,3,0,284,-3,-0.91,-12.92,NA,NA,-21.66,NA,1,0,17
1071,Vicenza,2,0,8,-15,-184.22,NA,NA,NA,NA,0,1,0,2
1072,Vicenza,2,2,63,16,-55.13,66.5,-45.76,NA,NA,0.08,1,0,24
1073,Vicenza,2,0,12,1,9.49,9.2,93.41,9.59,NA,0,1,0,10
1074,Venezia,2,0,12,-2,-13.31,-32.79,NA,NA,NA,NA,0.52,0.48,0
1075,Monza e della Brianza,2,0,14,-2,-16.2,-30.61,NA,-20.74,NA,0,1,0,5
1076,Ravenna,2,0,99,-4,-4.21,-5.21,NA,NA,NA,NA,1,0,80
1077,Genova,2,0,36,-20,-53.31,NA,NA,NA,NA,NA,0.27,0.73,12
1078,Sondrio,2,0,21,-42,-191.05,NA,NA,NA,NA,0,1,0,-5
1079,Alessandria,2,0,18,-3,-14.72,NA,NA,NA,NA,NA,1,0,-1
1080,Milano,1,0,3,-4,-119.86,-120.08,NA,NA,NA,0,1,0,3
1081,Alessandria,1,4,2115,-318,-19.99,-119.68,NA,NA,NA,NA,0.01,0.99,480
1082,Vicenza,1,1,22,-7,-28.93,-78,NA,NA,NA,0,1,0,4
1083,Como,0,0,415,279,-3.28,91.53,NA,NA,NA,NA,1,0,305
1084,Milano,0,0,170,-12,-6.96,-76.46,NA,NA,NA,NA,0.52,0.48,-58
1085,Biella,0,0,30,-3,-12.31,-48.35,NA,NA,NA,NA,0,1,23
1086,Torino,0,0,22,-5,-20.58,-23.13,NA,NA,NA,NA,1,0,20
1087,Padova,0,0,150,-9,-6.2,-26.63,NA,NA,NA,NA,1,0,15
1088,Milano,0,0,375,-23,-5.98,NA,NA,-21.24,NA,-1.11,0.29,0.71,-55
1089,Vicenza,0,0,2,-11,-489.22,NA,NA,NA,NA,0,1,0,-3
1090,Verona,0,0,18,-4,-24.14,NA,NA,NA,NA,0,1,0,-21
1091,Verona,0,0,173,-28,-16.38,NA,NA,2.33,NA,0,0.93,0.07,-1215
1092,Vicenza,0,0,11,-6,-57.67,NA,NA,NA,NA,NA,1,0,2
1093,Vicenza,0,0,41,-13,-30.57,NA,NA,NA,NA,NA,0.12,0.88,25
1094,Vicenza,0,0,2,-1,-51.06,-72.48,NA,NA,NA,NA,1,0,0
1095,Vicenza,0,0,27,-2,-6,NA,NA,-7.32,NA,0,1,0,-1
1096,Vicenza,0,0,9,-1,-7.15,-11.76,NA,-7.28,NA,0,NA,NA,0
1097,Vicenza,0,0,343,-1,-57.44,-1.13,NA,NA,NA,1.77,1,0,-71
1098,Vicenza,0,0,72,-4,-8.87,NA,NA,NA,NA,-1.05,1,0,-171
1099,Vicenza,0,0,9,-1,-5.4,-5.4,NA,-5.4,NA,0,NA,NA,9
1100,Vicenza,0,0,41,0,-18.14,4.59,-6.39,-12.66,NA,2.39,1,0,7
1101,Vicenza,0,0,31,-131,-426.82,NA,NA,NA,NA,NA,1,0,-228
1102,Vicenza,0,0,799,-1,-0.18,NA,NA,-0.19,NA,-2.93,1,0,-694
1103,Vicenza,0,0,20,-6,-29.44,-47.07,NA,NA,NA,0,1,0,11
1104,Vicenza,0,0,9551,-17,0,-0.65,NA,-0.01,NA,0.39,0.87,0.13,3610
1105,Vicenza,0,0,365,21,0.58,-18.25,NA,1.97,NA,-1.93,0.99,0.01,-185
1106,Vicenza,0,0,44,0,0,0,NA,0,NA,0,0.63,0.37,-505
1107,Vicenza,0,0,25,0,-0.02,NA,NA,0.01,NA,0,1,0,-71
1108,Vicenza,0,0,15,-6,-10.35,NA,NA,NA,NA,-1.05,0.46,0.54,-11
1109,Vicenza,0,0,114,-10,-8.53,-8.68,NA,-8.68,NA,0,1,0,112
1110,Vicenza,0,0,84,-4,-3.3,-5.85,NA,-3.59,NA,0,1,0,57
1111,Vicenza,0,0,347,-1,-0.15,NA,NA,-0.19,NA,-1.31,0.81,0.19,-638
1112,Vicenza,0,0,140,-66,-47.44,NA,NA,NA,NA,0,1,0,-82
1113,Vicenza,0,0,273,-13,-2.87,-24.45,NA,-5.35,NA,1.81,1,0,-184
1114,Vicenza,0,0,32,-9,-10.89,NA,NA,2.39,NA,-0.65,0.98,0.02,-408
1115,Vicenza,0,0,27,-4,-13.33,-13.63,NA,NA,NA,NA,1,0,27
1116,Vicenza,0,0,13,-10,-71.56,NA,NA,NA,NA,0,1,0,-20
1117,Vicenza,0,0,314,-6,-1.78,NA,NA,-1.79,NA,-2.9,0.87,0.13,-168
1118,Vicenza,0,0,175,-10,-1.83,NA,NA,-2.28,NA,-1.55,1,0,-90
1119,Vicenza,0,0,154,-12,-1.47,NA,NA,2.36,NA,-0.5,0.78,0.22,-123
1120,Vicenza,0,0,44,-11,-31.86,NA,NA,NA,NA,-0.27,0.34,0.66,-11
1121,Vicenza,0,0,201,18,11.22,-3.04,77.66,NA,NA,NA,0.01,0.99,193
1122,Vicenza,0,0,128,37,33.6,29.86,85.4,NA,NA,NA,1,0,84
1123,Vicenza,0,0,83,-24,-28.8,NA,NA,2.15,NA,0,1,0,-1119
1124,Vicenza,0,0,11,-1,-4.62,-45.83,NA,NA,NA,0,1,0,-1
1125,Vicenza,0,0,50,-90,-159.78,NA,NA,NA,NA,NA,1,0,-238
1126,Vicenza,0,0,137,-59,-11.43,NA,NA,NA,NA,-0.24,0.32,0.68,-485
1127,Vicenza,0,0,118,-2,-1.21,NA,NA,NA,NA,NA,1,0,-303
1128,Vicenza,0,0,58,0,0,0,NA,NA,NA,NA,0,1,9
1129,Vicenza,0,0,130,-1,2.03,NA,-39.94,NA,15.87,NA,1,0,-318
1130,Vicenza,0,0,417,-10,-0.64,-23.52,NA,-0.84,NA,4.68,1,0,-121
1131,Vicenza,0,0,22,-6,-8.17,-32.63,NA,-10.5,NA,0,1,0,17
1132,Vicenza,0,0,554,-170,-4.99,NA,NA,-5.41,NA,0,1,0,-397
1133,Vicenza,0,0,2934,18,0.64,-0.47,94.22,1.4,NA,-1.06,0.83,0.17,-3964
1134,Vicenza,0,0,19,-3,-13.49,-17.12,NA,-17.12,NA,0,1,0,-3
1135,Vicenza,0,0,1,-7,-250.17,NA,NA,4.62,NA,0,1,0,-115
1136,Vicenza,0,12,2135,-210,-1.81,NA,NA,-3.23,NA,-2.91,1,0,-2163
1137,Vicenza,0,0,182,-14,-10.89,-8.18,NA,NA,NA,NA,1,0,148
1138,Vicenza,0,0,27,-3,-14.71,NA,NA,-20.16,NA,0,1,0,-1066
1139,Vicenza,0,0,714,-15,-3.12,-4.03,NA,-3.23,NA,0,0.04,0.96,-7
1140,Vicenza,0,0,92,-3,-3.83,NA,NA,19.81,NA,0,1,0,6
1141,Vicenza,0,0,389,-6,-1.05,-1.91,NA,-1.23,NA,0,1,0,227
1142,Vicenza,0,0,11,-4,-10.79,NA,NA,6.69,NA,-0.02,1,0,-126
1143,Vicenza,0,0,314,-9,-2.95,NA,NA,NA,NA,NA,1,0,-234
1144,Vicenza,0,0,174,-139,-79.87,NA,NA,NA,NA,-1.02,1,0,-1019
1145,Vicenza,0,0,1395,-9,-0.66,NA,NA,NA,NA,NA,1,0,-7508
1146,Vicenza,0,0,42,-1,-1.92,NA,NA,0.38,NA,0,1,0,-149
1147,Vicenza,0,0,0,-13,NA,NA,NA,7.96,NA,-0.38,1,0,-274
1148,Vicenza,0,0,85,7,8.29,53.82,97.35,NA,11.04,NA,1,0,13
1149,Vicenza,0,0,0,-4,NA,NA,NA,NA,NA,0,1,0,-8
1150,Vicenza,0,3,62,-1,-2.03,-5.44,NA,NA,NA,NA,1,0,23
1151,Vicenza,0,0,138,-8,-5.95,NA,NA,NA,NA,NA,0.35,0.65,-171
1152,Vicenza,0,0,394,-6,-1.64,-2.13,NA,NA,NA,NA,1,0,303
1153,Vicenza,0,0,444,-12,-2.32,-3.62,NA,-3.12,NA,0,1,0,416
1154,Vicenza,0,0,46,961,-37.28,NA,NA,NA,NA,0,1,0,-25
1155,Vicenza,0,0,4211,-13,-0.31,NA,NA,-0.73,NA,-3.64,0.89,0.11,-1081
1156,Vicenza,0,0,212,-3,-1.58,-1.36,NA,-1.6,NA,0,1,0,194
1157,Vicenza,0,0,51,-4,-6.31,NA,NA,-6.55,NA,-0.09,0.06,0.94,23
1158,Vicenza,0,0,1477,-29,-1.94,NA,NA,-2.4,NA,-2.89,1,0,-682
1159,Vicenza,0,0,364,-123,-33.5,NA,NA,NA,NA,NA,1,0,-292
1160,Vicenza,0,0,10,0,-2.78,-3.17,NA,NA,NA,NA,1,0,9
1161,Vicenza,0,0,120,-1,-0.7,NA,NA,0.19,NA,-0.04,1,0,-554
1162,Vicenza,0,0,18,0,-1.14,NA,NA,NA,NA,NA,0,1,18
1163,Vicenza,0,0,27,-44,-970.56,NA,NA,NA,NA,0,1,0,-26
1164,Vicenza,0,0,593,-4,-0.66,NA,NA,NA,NA,NA,0.87,0.13,-553
1165,Venezia,0,0,93,-18,-49.37,NA,NA,NA,NA,0,0.05,0.95,62
1166,Venezia,0,0,6,-5,-29.87,-102.5,NA,NA,NA,0,1,0,5
1167,Varese,0,0,147,-1,-0.48,NA,NA,7.72,NA,-0.93,1,0,-128
1168,Treviso,0,0,13,-5,-40.76,-40.76,NA,NA,NA,0,NA,NA,4
1169,Treviso,0,0,31,-168,-535.89,NA,NA,NA,NA,0,1,0,30
1170,Torino,0,0,33,0,0,0,NA,0,NA,0,1,0,-5
1171,Torino,0,0,507,-4,-0.54,NA,NA,-0.78,NA,-34.01,0.35,0.65,114
1172,Torino,0,0,149,-15,-22.49,-26.55,NA,NA,NA,0,1,0,36
1173,Torino,0,0,267,-223,-50.32,NA,NA,NA,NA,0,0.95,0.05,-431
1174,Rimini,0,0,21,-1,-10.72,-7.9,NA,-10.96,-33.92,0,1,0,15
1175,Rimini,0,0,8,0,0,0,NA,0,NA,0,NA,NA,7
1176,Reggio nell'Emilia,0,0,6161,-68,-0.18,NA,NA,-0.23,NA,-80.35,0.72,0.28,-4364
1177,Padova,0,0,19,-1,-5.24,NA,NA,5.5,NA,0,1,0,-27
1178,Padova,0,0,0,0,-60,NA,NA,NA,NA,0,1,0,-25
1179,Padova,0,0,1421,-4,-0.33,NA,NA,1.25,NA,-0.62,1,0,-2580
1180,Padova,0,0,1,-3,-90.08,NA,NA,0.46,NA,0,1,0,-148
1181,Padova,0,0,329,-9,-2.76,-21.77,NA,NA,NA,NA,1,0,-246
1182,Padova,0,NA,233,-5,-9.69,-2.04,NA,-10.02,NA,0,1,0,140
1183,Piacenza,0,0,24,-2,-6.33,-26.07,NA,NA,NA,NA,0.14,0.86,21
1184,Novara,0,0,29,-1,-3.01,NA,NA,1.55,NA,0,1,0,-66
1185,Modena,0,0,12,-1,-4.3,-5.53,NA,-4.3,NA,0,1,0,0
1186,Milano,0,0,1,-1,-71.88,-118.91,NA,NA,NA,NA,1,0,1
1187,Milano,0,0,57,-30,-52.89,NA,NA,NA,NA,0,1,0,-3
1188,Milano,0,0,6,-3,-38.55,-60.78,NA,NA,NA,0,0.83,0.17,4
1189,Milano,0,0,48,-200,-311.75,NA,NA,NA,NA,0,0.07,0.93,29
1190,Milano,0,0,18,-3,-14.07,NA,NA,NA,NA,NA,1,0,1
1191,Milano,0,0,42,-11,-21.72,NA,NA,-21.84,NA,0,0.01,0.99,34
1192,Milano,0,4,134,-110,-81.95,NA,NA,NA,NA,NA,1,0,-847
1193,Milano,0,0,28,-8,-19.46,NA,NA,-20.4,NA,0,0.04,0.96,16
1194,Milano,0,0,6,1,18.51,18.51,100,18.51,NA,0,NA,NA,6
1195,Milano,0,0,440,-1,-0.05,-0.37,NA,-0.11,NA,0,1,0,97
1196,Milano,0,0,145,0,0,0,NA,0,NA,0,1,0,66
1197,Milano,0,0,81,0,-0.16,NA,NA,-0.73,NA,-2.12,0.67,0.33,-24
1198,Milano,0,0,396,9,2.16,-1.08,100,NA,NA,NA,1,0,-1026
1199,Milano,0,0,1255,-14,-2.87,-5.52,NA,-14.63,NA,0,1,0,247
1200,Milano,0,0,3,-1,0,NA,NA,0,NA,0,1,0,-12
1201,Milano,0,0,31,0,0,0,NA,NA,NA,NA,1,0,-109
1202,Milano,0,0,19,-16,-29.43,NA,NA,NA,NA,-2.94,1,0,-11
1203,Milano,0,0,12,-2,-19.11,NA,NA,NA,NA,-0.17,1,0,-981
1204,Milano,0,0,950,3,4.59,2.98,7.93,16.76,NA,1.24,1,0,118
1205,Milano,0,0,6,-135,-9.83,NA,NA,0.48,NA,0,0,1,6
1206,Milano,0,0,20,127,-32.62,NA,NA,16.31,NA,0,1,0,-41
1207,Milano,0,0,157,-2,-0.5,NA,NA,0.1,NA,-0.04,1,0,-1421
1208,Milano,0,0,1,-58,NA,NA,NA,NA,NA,NA,1,0,-35
1209,Milano,0,0,66,-10,-6.96,-27.21,NA,-12.19,NA,0,1,0,38
1210,Milano,0,0,222,30,-3.88,74.15,-343.62,-4.03,NA,0,0.04,0.96,175
1211,Milano,0,0,885,-797,-91.87,NA,NA,NA,NA,-0.6,1,0,-1214
1212,Milano,0,0,334,-79,-23.59,NA,NA,8.46,NA,-0.55,1,0,-2713
1213,Imperia,0,0,181,-9,-4.83,-52.76,NA,NA,NA,NA,1,0,-39
1214,Genova,0,0,218,-3,-1.43,NA,NA,NA,NA,NA,1,0,-19
1215,Forlì-Cesena,0,0,3,-6,-76.65,NA,NA,NA,NA,0,NA,NA,3
1216,Ferrara,0,0,12,-1,-6.09,-7.93,NA,-6.3,NA,0,1,0,7
1217,Ferrara,0,0,23,0,-48.3,-0.16,-3.55,14.61,NA,-0.7,0.36,0.64,-80
1218,Bolzano/Bozen,0,0,545,-3,-0.62,NA,NA,-0.9,NA,0,1,0,-295
1219,Brescia,0,0,72,-3,-2.96,-5.35,NA,NA,NA,NA,1,0,42
1220,Brescia,0,0,66,-270,-0.64,NA,NA,-0.67,NA,-0.24,0.2,0.8,-62
1221,Bologna,0,0,292,21,-10.54,-3.85,-69.43,9.81,NA,-0.25,0.86,0.14,-323
1222,Bergamo,0,0,27,-1,-2.77,-5.06,NA,-5.06,NA,0,1,0,8
1223,Bergamo,0,0,0,-41,NA,NA,NA,NA,NA,NA,1,0,-30
1224,Valle d'Aosta/Vallée d'Aoste,0,0,3411,-103,-3.53,-20.92,NA,-24.5,NA,0,1,0,3298
1225,Alessandria,0,0,12,-1,-9.99,-14.73,NA,-14.73,NA,0,1,0,-1
1226,Alessandria,0,0,9,-12,-137.77,NA,NA,NA,NA,NA,1,0,-53
1227,Alessandria,0,0,32,-4,-10.9,-58.6,NA,-11.01,NA,0,0.01,0.99,28
1228,Alessandria,0,0,4,0,0,0,NA,0,NA,0,1,0,9
1229,Alessandria,0,0,36,8,21.95,-5.09,99.99,NA,27.81,NA,1,0,-151
1230,Alessandria,0,0,760,0,0,0,NA,NA,NA,NA,0.88,0.12,256
1231,Alessandria,0,NA,2,-19,-42.63,NA,NA,NA,NA,0,1,0,-4
1232,Alessandria,0,0,123,-1,-0.35,NA,NA,0.17,NA,0,1,0,-323
1233,Alessandria,0,0,39,-122,-304.57,NA,NA,NA,NA,-1.59,1,0,-66
1234,Alessandria,0,0,362,0,-0.09,-1.39,NA,-1.31,NA,0,1,0,-114
1235,Alessandria,0,0,21,4,0,-2.62,NA,NA,NA,NA,1,0,-157
1236,Alessandria,0,0,79,-1,-0.23,-7.1,NA,-0.96,NA,0,1,0,19
1237,Alessandria,0,0,23,-1,-3.12,NA,NA,3.52,NA,0,1,0,-20
1238,Alessandria,0,0,337,-3,-1.39,NA,NA,5.83,NA,-0.71,0.55,0.45,100
1239,Alessandria,0,0,288,-1,-0.19,NA,NA,4.85,NA,-0.81,1,0,-211
1240,Alessandria,0,0,13,264,NA,NA,99.96,NA,NA,NA,1,0,4
1241,Alessandria,0,0,3475,-18,-0.57,NA,NA,0.12,NA,-0.28,0.7,0.3,-12092
1242,Alessandria,0,0,699,-1,-0.2,-8.7,NA,-0.32,NA,24.1,0.65,0.35,242
1243,Alessandria,0,0,36,-5,-6.58,NA,NA,7.12,NA,0,1,0,-32
1244,Alessandria,0,0,16,0,-1.04,NA,NA,0.01,NA,0,1,0,-1869
1245,Alessandria,0,0,119,0,-0.21,-0.21,NA,-0.21,NA,0,1,0,115
1246,Alessandria,0,0,1,-377,NA,NA,NA,NA,NA,-1,1,0,-681
1247,Alessandria,0,0,38,-1,-1.44,-1.63,NA,NA,NA,NA,1,0,33
1248,Alessandria,0,0,216,-10,-4.96,NA,NA,0.6,NA,0,1,0,-1586
